Time,P (deg/s),Q (deg/s),R (deg/s),P dot (deg/s^2),Q dot (deg/s^2),R dot (deg/s^2),P_{inertial} (deg/s),Q_{inertial} (deg/s),R_{inertial} (deg/s),q bar (psf),Reynolds Number,V_{Total} (ft/s),V_{Inertial} (ft/s),UBody,VBody,WBody,UdotBody,VdotBody,WdotBody,UdotBody_i,VdotBody_i,WdotBody_i,BodyAccel_X,BodyAccel_Y,BodyAccel_Z,Aero V_{X Body} (ft/s),Aero V_{Y Body} (ft/s),Aero V_{Z Body} (ft/s),V_{X_{inertial}} (ft/s),V_{Y_{inertial}} (ft/s),V_{Z_{inertial}} (ft/s),V_{X_{ecef}} (ft/s),V_{Y_{ecef}} (ft/s),V_{Z_{ecef}} (ft/s),V_{North} (ft/s),V_{East} (ft/s),V_{Down} (ft/s),I_{xx},I_{xy},I_{xz},I_{yx},I_{yy},I_{yz},I_{zx},I_{zy},I_{zz},Mass,Weight,X_{cg},Y_{cg},Z_{cg},Altitude ASL (ft),Altitude AGL (ft),Phi (deg),Theta (deg),Psi (deg),Q(1)_{LOCAL},Q(2)_{LOCAL},Q(3)_{LOCAL},Q(4)_{LOCAL},Q(1)_{ECEF},Q(2)_{ECEF},Q(3)_{ECEF},Q(4)_{ECEF},Q(1)_{ECI},Q(2)_{ECI},Q(3)_{ECI},Q(4)_{ECI},Alpha (deg),Beta (deg),Latitude (deg),Latitude Geodetic (deg),Longitude (deg),X_{ECI} (ft),Y_{ECI} (ft),Z_{ECI} (ft),X_{ECEF} (ft),Y_{ECEF} (ft),Z_{ECEF} (ft),Earth Position Angle (deg),Distance AGL (ft),Terrain Elevation (ft),navigation/actual-heading-rad,propulsion/tank[0]/contents-volume-gal,propulsion/tank[1]/contents-volume-gal,systems/mixture-cmd-norm,guidance/wp-heading-rad,guidance/wp-distance,guidance/wp-heading-deg,guidance/selected_target_heading,guidance/angle-to-heading-rad,ap/roll-control-autopilot-on,ap/roll-autopilot-windup-trigger,ap/limited-roll-angle-rad,ap/roll-attitude-selector,ap/limited-roll-angle-error,ap/roll-rate-pid-control,ap/total-limited-roll-rate,ap/roll-rate-saturation,ap/limited-roll-rate-error,ap/roll-command-pid-control,ap/roll-cmd-smoother,ap/roll-cmd-norm-output,ap/roll-command-selector-steering,fcs/attitude/sensor/phi-rad,fcs/wing-leveler-ap-on-off,fcs/roll-ap-error-pid,fcs/roll-ap-autoswitch,fcs/heading-true-degrees,fcs/heading-error,fcs/heading-error-bias-switch,fcs/heading-corrected,fcs/heading-command,fcs/heading-roll-error-lag,fcs/heading-roll-error,fcs/heading-roll-error-switch,fcs/heading-pi-controller,fcs/roll-command-selector,fcs/altitude-error,fcs/alt-error-lag,fcs/hdot-command,fcs/hdot-error,fcs/ap-alt-hold-switch,fcs/windup-trigger,fcs/altitude-hold-pid,fcs/elevator,fcs/pitch-trim-sum,fcs/elevator-control,fcs/elevator-actuator,fcs/roll-trim-sum,fcs/left-aileron-control,fcs/left-aileron-actuator,fcs/right-aileron-control,fcs/right-aileron-actuator,fcs/delta-aileron-pos,fcs/effective-aileron-pos,fcs/yaw-trim-sum,fcs/rudder-control,fcs/flaps-control,fcs/flap-position-normalizer,IO320 Power Available (engine 0 in ft-lbs/sec),IO320 HP (engine 0),IO320 equivalent ratio (engine 0),IO320 MAP (engine 0 in inHg),Fixed-Pitch 75-inch Two-Blade Propeller Torque (engine 0),Fixed-Pitch 75-inch Two-Blade Propeller PFactor Pitch (engine 0),Fixed-Pitch 75-inch Two-Blade Propeller PFactor Yaw (engine 0),Fixed-Pitch 75-inch Two-Blade Propeller Thrust (engine 0 in lbs),Fixed-Pitch 75-inch Two-Blade Propeller RPM (engine 0),Fuel Tank 0,Fuel Tank 1,/fdm/jsbsim/position/vrp-gc-latitude_deg,/fdm/jsbsim/position/vrp-longitude_deg,/fdm/jsbsim/position/vrp-radius-ft,velocities/pi-deg_sec
0,0,0,0,878.1735276534943,-21237.03287566285,-0.001163682511411853,0.004178074132240403,0,9.277188200408133e-19,0,0,0,1525.92219455,0,0,0,-0.001995097474354633,-0.0002851831002596594,-1297.997856868937,1297.8865848677,-0.0002851831002596594,-0.001995097474642847,-0.001995097474347508,-0.0002851831002596594,-1330.085395081775,0,0,0,0,1525.922194545818,0,0,0,0,0,0,0, 2095.734879,-10.78165492, 13.55483334,-10.78165492, 1505.011878, 3.979907608, 13.55483334, 3.979907608, 3150.439301,77.08075536,2480,45.48951612903226,4.22741935483871,35.42701612903226,0,0,0,1.272221872585407e-14,0,1,0,1.110223024625157e-16,0,0.7071067811865476,0,-0.7071067811865475,0,0.7071067811865476,0,-0.7071067811865475,0,0,0,0,0,0,20925646.32546,0,0,20925646.32546,0,0,0,0,0,0.003,19.6969697,19.6969697,0.999635333,3.14159265,0,180.013259,3.14159265,3.13859265,0,1,0.523,0,0,0,0.348,0,0,0,0,0,0,0,-1,0,0,0,0,0,0,0,0,0,0,0,0,0,0,0,0,0,0,0,-0,0,0,0.002,0,0,0,0,0,0,0,0,0,0,0,-825,-1.5,1.29953,29.9213,0,-0,-0,0,0,130,130,6.59306903546138079e-07,-9.64579064579641711e-07,20925646.5815419964,0.00417807413224040303
0.2399999052,17.4576157810939,-328.225633787492,-3.748758224609917,-14.8307596875591,264.3060639056396,-20.8660916387583,17.45831623500956,-328.2258077273005,-3.752873490422664,0.6322885473,718791.92,23.0676939497,1526.68165047,-20.94147085519604,-0.9248234057128071,-9.629018862014821,-13.7556911391778,-2.501974200568489,104.4870469210719,-38.31915793665024,0.5788887468246707,22.37992818958046,9.750067113855165,-0.007755356320709655,-21.06162420243934,-20.94147085519604,-0.9248234057128071,-9.629018862014821,22.23609551384137,1526.507869162786,6.011932695314927,22.26281926517269,0.5848485180585896,6.011932695314923,6.011931924120397,0.5848483979112578,-22.26281947658514, 2095.734879,-10.78165492, 13.55483334,-10.78165492, 1505.011878, 3.979907608, 13.55483334, 3.979907608, 3150.439301,77.08075536,2480,45.48951612903226,4.22741935483871,35.42701612903226,5.9887932576239,5.9887932608596,18.88187099004666,-79.94452607721892,343.7778775980044,0.7632807280490624,0.03503600718073383,-0.6451120298332899,-0.002340374777053392,-0.08355787052102857,-0.02642909542541712,0.9958840710485609,-0.0231193040710545,0.08355766821156059,0.02643780994237126,-0.99588383974172,0.02312003524620181,-155.3067334841,-2.2977018625217,1.9714660414409e-06,1.9847527266133e-06,3.0921218779984e-07,20925652.31104664,366.334217817444,0.7200218459918071,20925652.31425325,0.1129309486356078,0.7200218459918071,0.0010027373957758,5.9887932608596,3.2706509777303e-09,6.00305586,19.6969697,19.6969697,0.999419012,-2.98601633,0.728824088,-171.098736,-2.98601633,-2.70588689,0,1,-0.523,0,-0.329550818,-0.174,0.348,0,-0.483627182,-1.20906796,-1.22322488,0,0,0,-1,298.305814,0,343.803201,-343.803201,360,16.1967992,0.282634147,0.00216889787,-0.32738192,0,0,0,-5.98879326,-0.2881894,-0.0345654689,-22.2973849,0,0,0,-0,0,0,0.002,0,0,0,0,0,0,0,0,0,0,0,-825,-1.5,1.29955,29.9228,0,-0,0,0,0,130,130,2.81278410600298e-06,-6.49762494439966076e-07,20925652.1393708773,17.4583162350095584
0.4799998105,9.975707089552403,-288.3906542750651,-8.222735952662427,-43.72049228807173,67.04319576045712,-12.3303588417078,9.971995953170472,-288.3911015666889,-8.22460242002418,0.3028525131,497443.4944,15.9657551815,1526.6075596,-12.81964075370677,-0.913532249817382,9.472465797709653,65.20731931760979,1.453593700000071,40.10948496933364,-29.90323411776974,-0.3943922525193269,-4.650876060995183,3.159237085350315,-0.01122067163723367,4.132056185753926,-12.81964075370677,-0.913532249817382,9.472465797709653,14.15697987215433,1526.524684844827,7.253103061814012,14.21043071259825,0.6012432548342367,7.253103061814011,7.253101346649853,0.6012430758335975,-14.2104315956034, 2095.734879,-10.78165492, 13.55483334,-10.78165492, 1505.011878, 3.979907608, 13.55483334, 3.979907608, 3150.439301,77.08075536,2480,45.48951612903226,4.22741935483871,35.42701612903226,10.293097544461,10.293097549294,176.6957067718542,-26.34249081232993,187.6214724224546,-0.2291296796247777,-0.05813054428180778,0.9715733164132446,0.01287325018465308,0.5249869816611106,-0.05020726797328608,0.8490251986909554,-0.0320017392777189,-0.5249875416453622,0.05022212681425713,-0.849024319880067,0.03199255143938155,143.53920877253,-3.2801545755625,6.8691652538789e-06,6.9154599479324e-06,7.2172204742661e-07,20925656.60572964,732.7063127705137,2.508767566832311,20925656.61855739,0.2635884853445987,2.508767566832311,0.0020054747915516,10.293097549294,3.2706509777303e-09,3.27761244,19.6969697,19.6969697,0.99926356,-3.0369098,2.52257553,-174.014932,-3.0369098,-0.0313369382,0,1,-0.0313369382,0,-3.08392186,-0.174,0.348,0,-0.363491372,-0.908728431,-0.9551582,0,0,0,-1,165.744402,0,187.635293,-187.635293,360,30,0.5235,0.0271162245,-3.05680563,0,0,0,-10.2930975,-1.05393366,-0.126363557,-14.3367952,0,0,0,-0,0,0,0.002,0,0,0,0,0,0,0,0,0,0,0,-825,-1.5,1.29954,29.9216,0,-0,0,0,0,130,130,6.70003956650832477e-06,-3.13241249218707873e-07,20925656.300797496,9.97199595317047205
0.7199997157,-0.1948093439935395,-273.116484639848,-10.15126574535467,-41.23747489526077,54.4143699644234,-3.353556986853606,-0.1979330965451246,-273.1170875839683,-10.14855743742558,0.1096811857,299353.2883,9.608509185,1526.50540996,-0.6622056615191241,-0.6013080549072199,9.566784258211516,25.14265260178942,0.6364369146272326,-21.0026443182807,-31.84485049866054,-0.06095306122572292,-0.3958881641405058,0.5342075328238224,-0.01030825160932952,0.003136151025566208,-0.6622056615191241,-0.6013080549072199,9.566784258211516,6.702606782848956,1526.475623526531,6.783249541884047,6.782780832017694,0.5521400144448541,6.783249541884045,6.783248180056059,0.5521398846836625,-6.782782204502482, 2095.734879,-10.78165492, 13.55483334,-10.78165492, 1505.011878, 3.979907608, 13.55483334, 3.979907608, 3150.439301,77.08075536,2480,45.48951612903226,4.22741935483871,35.42701612903226,12.821438156068,12.821438153218,178.1092397974566,41.11773076280226,187.0563575755934,0.3495055408518046,-0.06339530548837963,0.9340534856767485,0.03702699084503723,0.9076133333842973,-0.07100928880169285,0.4133377239211027,-0.01864521253952856,-0.9076138225382872,0.07102013955531894,-0.4133358596709739,0.01862138622762594,93.959655155199,-3.5879594610564,1.1426677031632e-05,1.1503687036972e-05,1.0961239641791e-06,20925659.11803501,1099.064547096089,4.173269842519863,20925659.14689773,0.400328203090794,4.173269842519863,0.0030082121873275,12.821438153218,-3.2706509777303e-09,3.26774933,19.6969697,19.6969697,0.999172256,-3.04595853,4.19242438,-174.533424,-3.04595853,-0.0305225483,0,1,-0.0305225483,0,-3.10859266,-0.174,0.348,0,-0.185047744,-0.462619361,-0.506224927,0,0,0,-1,156.41591,0,187.070136,-187.070136,360,30,0.5235,0.0513251811,-3.05726748,0,0,0,-12.8214382,-2.06950797,-0.248075615,-7.03085782,0,0,0,-0,0,0,0.002,0,0,0,0,0,0,0,0,0,0,0,-825,-1.5,1.29953,29.9192,0,-0,0,0,0,130,130,1.06184328396564057e-05,1.35505551501170735e-09,20925659.1211853214,-0.197933096545124615
0.9599996209,-9.768184384752331,-263.1181046565948,-10.02714031627472,-37.35074869501128,32.71468100451782,4.987699171866747,-9.767081086008881,-263.1188328982315,-10.02317689610323,0.05556981746,213076.0275,6.8393358221,1526.4853792,0.9496261916150638,-0.6506559234983789,6.741763230257561,0.25309165613087,-1.386470021392076,4.030416300503547,-32.085945771241,-0.008877175959102368,-0.003048888920571563,0.1077154630179471,-0.004596076539184255,-0.03403385921890912,0.9496261916150638,-0.6506559234983789,6.741763230257561,-0.9931873547087967,1526.470089670553,6.759572856520391,-0.8862891232503408,0.5469742908388275,6.759572856520389,6.759573103701658,0.546974313371862,0.8862872241334854, 2095.734879,-10.78165492, 13.55483334,-10.78165492, 1505.011878, 3.979907608, 13.55483334, 3.979907608, 3150.439301,77.08075536,2480,45.48951612903226,4.22741935483871,35.42701612903226,13.529970515519,13.529970514212,-2.674867817270255,74.55442503263153,7.460360080927363,0.7928926804419023,-0.05792606931565483,0.6030159236793894,0.06586018208588652,0.9870564210968317,-0.0875300968592727,-0.1342632810516775,0.005610265284151851,-0.9870562241209051,0.08752539730373929,0.1342663447099755,-0.005644814365949121,81.982222972675,-5.4590538326579,1.5872529083288e-05,1.5979501872001e-05,1.4566891644252e-06,20925659.80411833,1465.417688705475,5.796991461936102,20925659.8554297,0.532014438565966,5.796991461936102,0.0040109495831033,13.529970514212,3.2706509777303e-09,0.133207847,19.6969697,19.6969697,0.999146671,-3.05007478,5.82134909,-174.769285,-3.05007478,3.09990268,0,1,0.523,0,0.0466852505,0.174,0.348,0,0.331251899,0.828129746,0.59596582,0,0,0,-1,-1.71049309,0,7.46090962,-7.46090962,0,-7.46090962,-0.130192873,0.0676417045,0.114326955,0,0,0,-13.5299705,-3.14146767,-0.37655108,0.509736144,0,0,0,-0,0,0,0.002,0,0,0,0,0,0,0,0,0,0,0,-825,-1.5,1.29953,29.9165,0,-0,0,0,0,130,130,1.55496126539121124e-05,4.09648525940123154e-07,20925660.1512747146,-9.76708108600888103
1.199999526,-17.58686990657793,-252.9333537002145,-8.041797854178199,-25.10615878624346,60.1301156511617,11.58609609794529,-17.58284597079724,-252.9341153430101,-8.040970723874514,0.1417282455,340288.9749,10.9223340665,1526.51198173,4.787393642615982,-1.377523833008931,9.720116854279773,36.50549215915188,-4.853766210378838,9.47218808082625,-31.93473045751966,0.03186198971097259,0.2521147642646038,0.3052319456203418,0.009006753978850464,-0.2030777710854385,4.787393642615982,-1.377523833008931,9.720116854279773,-8.674278126805067,1526.472251653054,6.786176593833985,-8.540655234264756,0.5499062351410934,6.786176593833984,6.786179643148683,0.5499065059136922,8.540652793925615, 2095.734879,-10.78165492, 13.55483334,-10.78165492, 1505.011878, 3.979907608, 13.55483334, 3.979907608, 3150.439301,77.08075536,2480,45.48951612903226,4.22741935483871,35.42701612903226,12.397962115705,12.397962115398,-4.671967751193979,12.42309300552654,9.530041147110081,0.9895036089734466,-0.0493605998703123,0.1043701545130528,0.08690805403349411,0.7734854437711628,-0.09635648405669545,-0.6258840075122615,0.02655005451502009,-0.7734842813949769,0.09632909986633359,0.6258882227669081,-0.0265838965450742,63.778633780382,-7.2454339911175,2.0319669775304e-05,2.0456614042254e-05,1.8165031497714e-06,20925658.6432469,1831.770419199269,7.421183177960624,20925658.72342078,0.6634262646423394,7.421183177960624,0.0050136869788791,12.397962115398,-3.2706509777303e-09,0.169330596,19.6969697,19.6969697,0.999187548,-3.05243337,7.45077365,-174.904432,-3.05243337,3.06142134,0,1,0.523,0,0.0815412198,0.174,0.348,0,0.471699954,1.17924989,1.14920568,0,0,0,-1,-13.9701323,0,9.53074314,-9.53074314,0,-9.53074314,-0.166311468,0.0571982658,0.138739486,0,0,0,-12.3979621,-4.08978001,-0.490266551,8.05038624,0,0,0,-0,0,0,0.002,0,0,0,0,0,0,0,0,0,0,0,-825,-1.5,1.29952,29.9146,0,-0,0,0,0,130,130,2.09916809090663263e-05,8.96584255346765311e-07,20925658.9964566417,-17.5828459707972407
1.439999431,-21.5783498261637,-233.5196570871391,-4.933961520006545,-6.41936942525192,107.6144940138024,13.58534529085451,-21.57556651996826,-233.5202035343275,-4.937029239933001,0.3672886341,547816.851,17.5821564748,1526.58303848,16.30518536238851,-2.730099014382671,5.984957474734071,47.50573281019408,-5.519439856216271,-45.47794957449887,-32.19450549729204,0.01128686371835439,-0.3058268331894162,-0.2039107648936337,0.0550083689072134,0.2216967387370786,16.30518536238851,-2.730099014382671,5.984957474734071,-16.35428330781412,1526.480178247844,6.824676671774718,-16.19393491965207,0.5590048732919556,6.824676671774714,6.824683727860502,0.5590054897529468,16.1939319246951, 2095.734879,-10.78165492, 13.55483334,-10.78165492, 1505.011878, 3.979907608, 13.55483334, 3.979907608, 3150.439301,77.08075536,2480,45.48951612903226,4.22741935483871,35.42701612903226,9.4309782274067,9.4309782292008,-12.24301629838464,-45.998721446883,16.47023059555978,0.9117908353519596,-0.04150248003601729,-0.3985471573654836,0.08986200573617195,-0.3629178825946877,0.09288870851080917,0.9265489611309307,-0.03419533522829069,-0.3629160867297081,0.0928400615906539,0.926553836808988,-0.03421438953396167,20.156092530521,-8.9328435607892,2.479802134279e-05,2.4965147451478e-05,2.1811013334016e-06,20925655.64098583,2198.124664033252,9.056772810666292,20925655.75643624,0.7965852993106637,9.056772810666292,0.0060164243746549,9.4309782292008,3.2706509777303e-09,0.290459752,19.6969697,19.6969697,0.999294694,-3.05386376,9.09173289,-174.986393,-3.05386376,2.93886179,0,1,0.523,0,0.213680945,0.174,0.348,0,0.54784489,1.36961222,1.3584999,0,0,0,-1,-54.750347,0,16.4714438,-16.4714438,0,-16.4714438,-0.287426695,0.0440934763,0.257774421,0,0,0,-9.43097823,-4.75136021,-0.569715125,15.6242168,0,0,0,-0,0,0,0.002,0,0,0,0,0,0,0,0,0,0,0,-825,-1.5,1.29951,29.9141,0,0,-0,-0,0,130,130,2.58782159804978688e-05,1.36243268426915494e-06,20925655.7051820494,-21.5755665199682518
1.679999337,-21.48918003801932,-203.2075196286445,-1.756528409418536,7.101679917615111,140.5496354825348,13.14835270555167,-21.48995580348604,-203.2076929598189,-1.760630170954648,0.7341716762,774550.8271,24.8563036586,1526.68211139,22.35241440736278,-3.51264540832902,-10.28915564891767,-2.456350035259952,-0.4318617090588024,-80.08319242650541,-33.76604548572806,0.06558817282789246,-6.594038629304372,2.757103961717848,0.09451263639003339,6.191258402206191,22.35241440736278,-3.51264540832902,-10.28915564891767,-24.27765201208419,1526.476889978456,6.096656457626079,-24.09057914253895,0.5573223354053166,6.096656457626081,6.096668788822551,0.55732340651533,24.0905759970727, 2095.734879,-10.78165492, 13.55483334,-10.78165492, 1505.011878, 3.979907608, 13.55483334, 3.979907608, 3150.439301,77.08075536,2480,45.48951612903226,4.22741935483871,35.42701612903226,4.6054777726531,4.6054777695301,-138.2285467464771,-76.26796151024107,141.4605744407561,-0.6371479283956283,0.03471426512159943,0.7663650464656508,-0.07431051536577697,0.09137055505263096,0.07709214670315546,0.9924335203367418,-0.02799875529546136,0.09137226990974572,0.07703135629194746,0.9924382406573731,-0.02799315845455048,-24.717333075934,-8.1241257277081,2.9131545860323e-05,2.9327877775788e-05,2.5474723053242e-06,20925650.77379409,2564.479224000555,10.63946707649756,20925650.93093503,0.9303916740545901,10.63946707649756,0.0070191617704308,4.6054777695301,-6.5413019554606e-09,2.47195279,19.6969697,19.6969697,0.999468975,-3.05436733,10.6800673,-175.015248,-3.05436733,0.756865188,0,1,0.523,0,2.41254326,0.174,0.348,0,0.551218698,1.37804675,1.38281436,0,0,0,-1,-646.797032,0,141.470995,-141.470995,0,-30,-0.5235,0.0194115066,2.43195477,0,0,0,-4.60547777,-4.97821614,-0.597156666,23.4934193,0,0,0,-0,0,0,0.002,0,0,0,0,0,0,0,0,0,0,0,-825,-1.5,1.2995,29.9156,0,0,-0,-0,0,130,130,2.9737507842410743e-05,1.74222801390961375e-06,20925650.5959821492,-21.489955803486037
1.919999242,-9.593142033107021,427.1111963071377,161.3192464264333,-941.4286949202219,-1337.429618332806,-34.05671798489313,-9.593484850282236,427.1101902414794,161.3152058062173,3.287063817,1638864.053,52.5970144076,1522.49724295,-44.74023177691499,27.3660343802687,3.982178729606014,85.80813463811567,107.117447560744,-210.8581619112377,-50.25073373216753,-21.78412125429979,-112.9668194319333,11.97961585208134,-0.1748900688602915,115.836871496766,-44.74023177691499,27.3660343802687,3.982178729606014,51.76654124788762,1521.601869622103,-6.769812717698759,51.9796375782364,-4.328144820951342,-6.769812717698766,-6.769841473883501,-4.328146849923788,-51.97963366408647, 2095.734879,-10.78165492, 13.55483334,-10.78165492, 1505.011878, 3.979907608, 13.55483334, 3.979907608, 3150.439301,77.08075536,2480,45.48951612903226,4.22741935483871,35.42701612903226,7.6414792500436,7.6414792466918,-82.91681478378815,-55.57169973212507,98.34462565375681,-0.6670163654669822,0.1185902831859301,0.6716234887322817,-0.2999123243819384,0.003257992433430785,0.2959260487467506,0.9465613233453009,-0.1282139629885626,0.003266967951138232,0.2958597846812294,0.9465820371148229,-0.1282137346009976,174.91369715273,31.352131866139,3.1484990094917e-05,3.1697183005671e-05,2.236482651434e-06,20925653.76172523,2930.587328592683,11.49899719451906,20925653.96693605,0.8168116825477227,11.49899719451906,0.0080218991662066,7.6414792466918,3.2706509777303e-09,1.71943752,19.6969697,19.6969697,0.999359322,-3.07067847,11.5279669,-175.949876,-3.07067847,1.49306932,0,1,0.523,0,1.44717142,0.174,0.348,0,-0.0214792698,-0.0536981745,-6.42572146,0,0,0,-1,441.027005,0,98.3518699,-98.3518699,0,-30,-0.5235,0.00998827263,1.4571597,0,0,0,-7.64147925,-4.8901758,-0.586447414,-52.5660811,0,0,0,-0,0,0,0.002,0,0,0,0,0,0,0,0,0,0,0,-825,-1.5,1.29955,29.9213,0,0,-0,0,0,130,130,3.23412619869339993e-05,2.01290953163370324e-06,20925653.58852515,-9.59348485028223585
2.159999147,-153.1907208619117,277.5179720902075,136.7499795258633,-302.260030968981,-717.6795521071335,-145.1605261609824,-153.1870159381783,277.5165287242222,136.7486963508102,2.370399111,1391561.303,44.6726997979,1526.18263551,13.65550335871204,40.09662493186898,-14.19288569414794,161.6729767839313,-24.96548114040316,189.63631169326,-33.51202864291746,8.231593000348436,3.014052726312499,5.496208247014782,-0.7667529196170988,6.917785237311402,13.65550335871204,40.09662493186898,-14.19288569414794,44.35398074813411,1525.53574757077,2.616145726029521,44.59428182631804,-0.3948634814994314,2.616145726029521,2.616121678416045,-0.3948639219331636,-44.59428323317689, 2095.734879,-10.78165492, 13.55483334,-10.78165492, 1505.011878, 3.979907608, 13.55483334, 3.979907608, 3150.439301,77.08075536,2480,45.48951612903226,4.22741935483871,35.42701612903226,19.355211012065,19.35521101021,-72.39600358628479,14.92732246640834,23.40443002423613,0.7679530863565133,-0.5946637385004128,-0.01612319341007148,0.2374092203400704,-0.5316238673607196,0.5883643607878577,0.5544258006359309,0.2526172484141471,-0.5316437605356775,0.5883206952642029,0.5544721354404947,0.2525753796936393,-46.105482940014,63.839742484673,3.0690101838239e-05,3.0896937487568e-05,5.6587959402031e-07,20925665.42106008,3296.200345239227,11.20869313988597,20925665.68066799,0.2066715437090352,11.20869313988597,0.0090246365619824,19.35521101021,0,0.411484363,19.6969697,19.6969697,0.998936341,-3.12315624,11.2105879,-178.956852,-3.12315624,2.74854471,0,1,0.523,0,1.26354863,0.174,0.348,0,2.72594702,6.81486755,6.36639523,0,0,0,-1,-203.754449,0,23.406154,-23.406154,0,-23.406154,-0.408437388,-0.0156523925,1.24789624,0,0,0,-19.355211,-5.73599144,-0.687208759,-45.281492,0,0,0,-0,0,0,0.002,0,0,0,0,0,0,0,0,0,0,0,-825,-1.5,1.29957,29.9262,0,-0,0,-0,0,130,130,3.18233134208152106e-05,1.02408115161870544e-08,20925665.4930770211,-153.187015938178348
2.399999052,-176.5891232137005,132.7733077461414,108.5841875585571,49.94089968202474,-501.9205988337948,-72.31981649924657,-176.5862869306727,132.770242030102,108.584302394119,1.601690044,1143777.571,36.7267546624,1523.09984952,23.33631300046513,17.68799482399478,22.16767562651605,-22.67692962166783,-129.0475201993372,72.77104686888158,-35.27202546348586,-16.75623790536959,7.844321100989263,12.19468491523231,0.05799768793177547,-14.24246689911981,23.33631300046513,17.68799482399478,22.16767562651605,36.14979776249193,1522.666833766846,3.472331050538062,36.41627145749775,-3.263831834069002,3.472331050538061,3.472310230141535,-3.263831625855978,-36.41627346140039, 2095.734879,-10.78165492, 13.55483334,-10.78165492, 1505.011878, 3.979907608, 13.55483334, 3.979907608, 3150.439301,77.08075536,2480,45.48951612903226,4.22741935483871,35.42701612903226,29.08807130903,29.088071307685,-142.4932971249172,32.04608495892678,323.2148841143373,-0.3756891531498746,0.8356328127524486,-0.3713749143517022,-0.1505195517108234,-0.5282540658541384,0.6973148857162211,0.003050776526595252,0.4844484336126292,-0.5282964556591486,0.6973146160872329,0.003111795294796307,0.4844022067034168,43.528848217469,28.790646615385,3.2538612928278e-05,3.2757906497826e-05,-3.2759333003605e-07,20925675.0930853,3662.097248532597,11.88381514886569,20925675.41352791,-0.119644269616856,11.88381514886569,0.010027373957758,29.088071307685,-3.2706509777303e-09,5.64416392,19.6969697,19.6969697,0.998584999,3.13152516,11.8844008,179.436392,3.13152516,-2.51263876,0,1,-0.523,0,2.4869772,0.174,0.348,0,3.26908965,8.17272414,8.1843983,0,0,0,-1,-330.453508,0,323.238693,-323.238693,360,30,0.5235,-0.00885164969,2.47812555,0,0,0,-29.0880713,-7.51826363,-0.900004718,-37.3162782,0,0,0,-0,0,0,0.002,0,0,0,0,0,0,0,0,0,0,0,-825,-1.5,1.29956,29.925,0,-0,-0,-0,0,130,130,3.3674682363937032e-05,-7.54648597696500519e-07,20925675.187299531,-176.586286930672713
2.639998958,-152.8025709202962,33.84126238780655,98.03829925206912,137.3680622054229,-305.5455561352202,-18.79466867964278,-152.8010818363139,33.83766931059409,98.0367732348696,1.003534461,905289.2294,29.0742484484,1519.60836121,15.79803125114042,-9.060893813772882,22.66350226074488,-28.43860503076733,-77.88144989964024,-51.31052149559854,-36.03932235421108,-10.21727905904197,5.234991794815381,9.807921327931817,0.9596096464995856,-7.02180828322729,15.79803125114042,-9.060893813772882,22.66350226074488,27.55610319117855,1519.349782510257,5.145000170974884,27.84849821096442,-6.58042882142531,5.145000170974889,5.144982844696711,-6.580427048077764,-27.84850183101361, 2095.734879,-10.78165492, 13.55483334,-10.78165492, 1505.011878, 3.979907608, 13.55483334, 3.979907608, 3150.439301,77.08075536,2480,45.48951612903226,4.22741935483871,35.42701612903226,36.803562857211,36.803562856264,163.6687699932473,16.95963116765592,291.8765975692822,0.03462692551975029,0.822801970507146,-0.5309949261380225,-0.1996053149950754,-0.3509852895891081,0.7229509748958753,-0.3999549607278428,0.4406668171967833,-0.3510277047353409,0.7229894695633766,-0.3998853705928414,0.4406330307574905,55.120831522328,-18.158496808814,3.5408620040148e-05,3.5647255897681e-05,-3.6485029970065e-06,20925682.74151428,4027.107549296623,12.93200946549427,20925683.12901879,-1.332513812700654,12.93200946549427,0.011030111353534,36.803562856264,0,5.09720764,19.6969697,19.6969697,0.998306553,3.03891505,13.0004563,174.129832,3.03891505,-2.05829259,0,1,-0.523,0,-2.85655892,-0.174,0.348,0,2.53971464,6.3492866,6.49966985,0,0,0,-1,12.8912075,0,291.898098,-291.898098,360,30,0.5235,0.0171114833,-2.83944744,0,0,0,-36.8035629,-9.96030802,-1.19157121,-29.040073,0,0,0,-0,0,0,0.002,0,0,0,0,0,0,0,0,0,0,0,-825,-1.5,1.29955,29.92,0,-0,-0,-0,0,130,130,3.67292182979028393e-05,-3.92407345932624471e-06,20925683.0589504465,-152.80108183631387
2.879998863,-118.9082805095745,-20.09389205280348,96.4956948479477,138.4420023499958,-131.6380852890814,2.8246901621377,-118.9080515204763,-20.09642680336524,96.49238140456701,0.5659852627,679830.9695,21.8363912697,1517.94560626,9.173374306876951,-18.47550371065301,7.164701678934147,-27.1196125621207,-4.238584718726472,-64.10956135531551,-34.44602437011296,-2.700193175710105,2.142002384215676,2.717659203836264,0.653841609708896,-3.013344974405754,9.173374306876951,-18.47550371065301,7.164701678934147,19.03655091593215,1517.814257016521,6.029467637292439,19.35508255607859,-8.115065184135641,6.029467637292438,6.029454333250768,-8.115062287024626,-19.35508791520977, 2095.734879,-10.78165492, 13.55483334,-10.78165492, 1505.011878, 3.979907608, 13.55483334, 3.979907608, 3150.439301,77.08075536,2480,45.48951612903226,4.22741935483871,35.42701612903226,42.460430704057,42.460430704355,127.5369030438156,2.20916065713558,273.1441407511519,0.3090508567470376,0.6571843127657127,-0.6103429411762284,-0.3163508197475244,-0.2130458814123972,0.6883931624388686,-0.6501095673922006,0.2410059267025475,-0.2130711874060364,0.6884614243182389,-0.6500372781103886,0.2409835541897426,37.990986105558,-57.788669977938,3.9119565788272e-05,3.938321143662e-05,-8.5761571005326e-06,20925688.32507555,4391.530867239692,14.2873326112541,20925688.78588556,-3.132202685603261,14.2873326112541,0.01203284874931,42.460430704355,0,4.77026459,19.6969697,19.6969697,0.998102441,2.92577753,14.6266091,167.647053,2.92577753,-1.84448705,0,1,-0.523,0,-2.22593888,-0.174,0.348,0,1.95012661,4.87531652,5.02329889,0,0,0,-1,22.0268231,0,273.164261,-273.164261,360,30,0.5235,0.0418083775,-2.1841305,0,0,0,-42.4604307,-12.8044833,-1.53110116,-20.8861891,0,0,0,-0,0,0,0.002,0,0,0,0,0,0,0,0,0,0,0,-825,-1.5,1.29954,29.913,0,0,-0,-0,0,130,130,4.02969538513474167e-05,-9.15825505125156513e-06,20925688.9184055999,-118.90805152047632
3.119998768,-90.20816741359275,-35.30432294766261,97.62550865706078,97.90128970182455,-54.49630199105931,6.819028201968557,-90.20907661790598,-35.30506360225251,97.62149853464994,0.281378414,479323.6548,15.397392513,1517.56461513,3.461000511821205,-14.42633912566466,-4.120911438991702,-15.05449169366529,30.7901605345352,-30.03085979645943,-32.80013736664295,-2.605720718527458,-3.002508621166754,3.252268896303724,0.2762887853378552,2.339826490364112,3.461000511821205,-14.42633912566466,-4.120911438991702,11.19130611528767,1517.512419764526,5.759480623905293,11.53618809912684,-8.415725951095727,5.759480623905292,5.75947189049894,-8.415723132002986,-11.53619451585074, 2095.734879,-10.78165492, 13.55483334,-10.78165492, 1505.011878, 3.979907608, 13.55483334, 3.979907608, 3150.439301,77.08075536,2480,45.48951612903226,4.22741935483871,35.42701612903226,46.155572861433,46.155572860614,104.1150000612158,-15.93851720664487,256.9198875073517,-0.4643514477422755,-0.4190121826668373,0.6645868740409528,0.4088163531573809,0.1415881290552005,-0.5853630710743916,0.7982799608025551,-0.007209779058735979,-0.1415889483015473,0.5854538771795605,-0.7982133665205012,0.007193672378533938,-49.974347582052,-69.542861299688,4.3085060896203e-05,4.3375431879772e-05,-1.4001340847115e-05,20925691.94060585,4755.772226140693,15.73562210868565,20925692.48102628,-5.113600955928632,15.73562210868565,0.013035586145086,46.155572860614,-3.2706509777303e-09,4.48709795,19.6969697,19.6969697,0.99796913,2.82738812,16.5456188,162.009339,2.82738812,-1.65970983,0,1,-0.523,0,-1.81714955,-0.174,0.348,0,1.43499511,3.58748776,3.69475608,0,0,0,-1,36.3983549,0,256.938813,-256.938813,360,30,0.5235,0.0653007883,-1.75184876,0,0,0,-46.1555729,-15.820031,-1.89110189,-13.4272964,0,0,0,-0,0,0,0.002,0,0,0,0,0,0,0,0,0,0,0,-825,-1.5,1.29954,29.9054,0,-0,0,0,0,130,130,4.37855609233852225e-05,-1.50304594195037472e-05,20925692.6833748445,-90.2090766179059784
3.359998673,-66.83201382301706,-52.36701258475356,99.48921272470285,100.407143278961,-71.68184104069873,8.127505324978877,-66.83354535733048,-52.36591785206707,99.48548280963057,0.1429720337,341665.9694,10.9758669427,1517.00593848,2.093183923205666,-6.360947398090358,-8.69635466194508,3.120775636181527,31.95187061015394,-9.640949749382631,-33.77758614032997,-1.266204426213313,-1.164728651697865,2.277864453987079,0.2307319450841341,0.4370541502695788,2.093183923205666,-6.360947398090358,-8.69635466194508,3.13083778332709,1516.993345700013,5.329571373382501,3.501998470958129,-8.933159062134838,5.3295713733825,5.329568499450769,-8.933157856595047,-3.502005919867829, 2095.734879,-10.78165492, 13.55483334,-10.78165492, 1505.011878, 3.979907608, 13.55483334, 3.979907608, 3150.439301,77.08075536,2480,45.48951612903226,4.22741935483871,35.42701612903226,47.963869143277,47.963869145621,91.69253894911644,-38.18215591721238,242.203198147359,-0.5409681365902499,-0.1551496054694143,0.6982385052011139,0.4424308589726444,0.1112073386383506,-0.4225531312429162,0.8762514468013628,0.2031383299338173,-0.1111824518382806,0.422660475431561,-0.8761996743052587,-0.2031519521406419,-76.466528434697,-35.418153363896,4.6705214886387e-05,4.7019983804485e-05,-1.9723684125073e-05,20925693.66297675,5119.904721299668,17.0577843034091,20925694.28932091,-7.203528562975407,17.0577843034091,0.014038323540862,47.963869145621,3.2706509777303e-09,4.23024327,19.6969697,19.6969697,0.997903897,2.74200984,18.5164048,157.117164,2.74200984,-1.48823343,0,1,-0.523,0,-1.6003367,-0.174,0.348,0,1.02719286,2.56798214,2.67100884,0,0,0,-1,60.3594724,0,242.221039,-242.221039,360,30,0.5235,0.0876474591,-1.51268925,0,0,0,-47.9638691,-18.8095278,-2.24812155,-5.75012747,0,0,0,-0,0,0,0.002,0,0,0,0,0,0,0,0,0,0,0,-825,-1.5,1.29953,29.8982,0,0,-0,0,0,130,130,4.68367567116506801e-05,-2.10381589854758642e-05,20925694.4113267958,-66.8335453573304932
3.599998578,-41.35172028085739,-66.92660923442546,101.1672225710432,113.0825924015594,-44.13703651951338,4.776737530122648,-41.35329598637031,-66.92405726803199,101.1643138044459,0.1526586958,353051.0213,11.3415715929,1516.88763207,4.739626635389921,-0.5125324401597462,-10.29099101411998,17.24410325698833,14.3867807728238,-7.053959402382821,-33.94734256397908,0.2151264759877078,-1.216599686844702,1.932853500065342,0.2226784659517058,0.8957699339231134,4.739626635389921,-0.5125324401597462,-10.29099101411998,-4.982526989711654,1516.870995967792,5.064024443790105,-4.58500704581505,-9.053431008205369,5.064024443790108,5.064028481681664,-9.053433060995596,4.584998532671589, 2095.734879,-10.78165492, 13.55483334,-10.78165492, 1505.011878, 3.979907608, 13.55483334, 3.979907608, 3150.439301,77.08075536,2480,45.48951612903226,4.22741935483871,35.42701612903226,47.834637969732,47.834637972274,97.70629520353273,-61.6391941682768,217.4453895848246,-0.5467688340248056,0.111695250938611,0.7206755498813605,0.4113329124445479,0.1229710955055741,-0.2118757845758733,0.8962185119185937,0.3698366402547736,-0.1229225504219535,0.2119934186160873,-0.8961906938027669,-0.3698527780111191,-65.271057474469,-2.59011282368,5.0121120433927e-05,5.0458910785375e-05,-2.5652363684061e-05,20925693.44150364,5483.961411469216,18.305348946726,20925694.16008782,-9.368814273893804,18.305348946726,0.015041060936637,47.834637972274,3.2706509777303e-09,3.79813799,19.6969697,19.6969697,0.997908559,2.66854375,20.5635244,152.907557,2.66854375,-1.12959425,0,1,-0.523,0,-1.70529655,-0.174,0.348,0,0.58685207,1.46713018,1.58263201,0,0,0,-1,152.526289,0,217.461407,-217.461407,360,30,0.5235,0.108904268,-1.59639228,0,0,0,-47.834638,-21.5929713,-2.58082763,2.0041709,0,0,0,-0,0,0,0.002,0,0,0,0,0,0,0,0,0,0,0,-825,-1.5,1.29952,29.8923,0,0,-0,0,0,130,130,4.97714603807393176e-05,-2.695823545599328e-05,20925694.0977263153,-41.3532959863703127
3.839998484,-13.50884550610951,-72.64594322109082,101.5074599320132,115.7762824232567,2.424052928598293,-3.105437126490336,-13.50986465872522,-72.64251323207974,101.5053028954385,0.3109544037,503887.34,16.1863005421,1517.23364518,9.21506346224856,0.1172186642270829,-13.30658447571089,16.92148303321451,-9.936623301764335,-19.13500787203321,-34.5366145230374,2.553514103679533,-1.6617728397005,3.136463566448209,0.2954538659667451,2.206616701527276,9.21506346224856,0.1172186642270829,-13.30658447571089,-13.19582665216999,1517.168923402074,4.718272455770911,-12.77183270262133,-8.752972048801917,4.71827245577091,4.718284426234272,-8.752979077941912,12.77182346307715, 2095.734879,-10.78165492, 13.55483334,-10.78165492, 1505.011878, 3.979907608, 13.55483334, 3.979907608, 3150.439301,77.08075536,2480,45.48951612903226,4.22741935483871,35.42701612903226,45.754665158689,45.754665158398,163.0339582743389,-71.60208267321634,140.612001377237,-0.5044099947306433,0.3515773046351523,0.7261766749987154,0.3076221590996394,0.1568132595068416,0.03108100248813885,0.8701560969636331,0.4661243823746926,-0.1567479965699365,-0.0309591728881353,-0.8701604400412224,-0.4661463330035536,-55.296660336392,0.41493072664412,5.3341289591807e-05,5.3700782248894e-05,-3.1533464344696e-05,20925691.26295039,5848.034927186895,19.48142447210973,20925692.08011286,-11.51672201171004,19.48142447210973,0.016043798332413,45.754665158398,3.2706509777303e-09,2.45714239,19.6969697,19.6969697,0.997983593,2.60769534,22.6309199,149.420943,2.60769534,0.15055295,0,1,0.15055295,0,-2.84547936,-0.174,0.348,0,0.10240423,0.256010576,0.378498723,0,0,0,-1,394.246898,0,140.622359,-140.622359,0,-30,-0.5235,0.109678219,-2.73580115,0,0,0,-45.7546652,-24.0050732,-2.86962534,9.90219813,0,0,0,-0,0,0,0.002,0,0,0,0,0,0,0,0,0,0,0,-825,-1.5,1.29951,29.8881,0,-0,0,-0,0,130,130,5.27505929723407459e-05,-3.25069353130347962e-05,20925691.8067787215,-13.5098646587252169
4.079998389,12.52400046845217,-66.72147692780941,99.79405948971713,96.03391502551639,48.79784802633275,-11.57086666780393,12.52390994335892,-66.71779366475776,99.79208929126153,0.6198219664,711434.5681,22.8510892792,1518.42400795,11.52840752471888,-5.035720711476444,-19.07641523201453,0.6054962270213906,-32.7659352206213,-26.34525063959888,-34.96796283662174,7.036245430125294,-1.580809455432439,6.608750800827831,0.5011647463338257,3.985522498795731,11.52840752471888,-5.035720711476444,-19.07641523201453,-21.54680806295245,1518.26501544371,4.306488840952523,-21.0960806147358,-7.653875998704401,4.306488840952524,4.306509712174418,-7.653889615529323,21.09607141380744, 2095.734879,-10.78165492, 13.55483334,-10.78165492, 1505.011878, 3.979907608, 13.55483334, 3.979907608, 3150.439301,77.08075536,2480,45.48951612903226,4.22741935483871,35.42701612903226,41.692545752972,41.692545755615,-153.3975760123175,-51.12188972556778,91.97814411905523,-0.4461991070466585,0.5385846175245484,0.700382488824393,0.1424687193205915,0.179735349398287,0.2800962611915113,0.8107554423180443,0.4815775133816825,-0.179663708378511,-0.2799756508532052,-0.8107971002113383,-0.48160424531963,-58.854265724545,-12.730833060145,5.6305623943439e-05,5.668509475247e-05,-3.6982542117069e-05,20925687.09586953,6212.265564650491,20.56406126790454,20925688.01799123,-13.5068436982765,20.56406126790454,0.017046535728189,41.692545755615,0,1.60832145,19.6969697,19.6969697,0.998130146,2.56043944,24.6031099,146.71318,2.56043944,0.952117989,0,1,0.523,0,2.67729277,0.174,0.348,0,-0.0102281602,-0.0255704006,0.0811984743,0,0,0,-1,-70.633993,0,91.9849194,-91.9849194,0,-30,-0.5235,0.0787977097,2.75609048,0,0,0,-41.6925458,-25.8940868,-3.09649451,17.9995769,0,0,0,-0,0,0,0.002,0,0,0,0,0,0,0,0,0,0,0,-825,-1.5,1.29951,29.8864,0,-0,0,-0,0,130,130,5.57716385108475259e-05,-3.74117216550958815e-05,20925687.5878190026,12.5239099433589178
4.319998294,31.87827009967186,-51.69691491495445,96.444837800126,60.19827138007422,74.65843492973667,-15.31668102888997,31.87910437488267,-51.69359070454504,96.44244825760052,1.07923762,938824.6726,30.150423011,1521.12536231,9.175949474452537,-14.82047361560866,-24.60088455303224,-18.98130725616382,-47.42327336510623,-16.53030981491009,-34.40890027303601,14.93465225549493,0.5062332506844558,14.17933273145593,0.7987446881630615,5.176489618778826,9.175949474452537,-14.82047361560866,-24.60088455303224,-29.91006404194858,1520.825716565303,4.110447487766982,-29.43207241364398,-5.089729131162674,4.110447487766978,4.110478022568516,-5.089750332840737,29.43206448273051, 2095.734879,-10.78165492, 13.55483334,-10.78165492, 1505.011878, 3.979907608, 13.55483334, 3.979907608, 3150.439301,77.08075536,2480,45.48951612903226,4.22741935483871,35.42701612903226,35.626649744809,35.626649745015,-138.629791806063,-25.8272715450565,77.18293167022608,-0.3995213124789334,0.6634927519563133,0.6304949496868359,-0.05134401032196875,0.1633235588605588,0.5054659598424385,0.7283312169299928,0.4328547296807088,-0.1632553780501032,-0.5053512343982638,-0.7284108236471456,-0.4328804493431826,-69.544853580982,-29.442581996218,5.904455772875e-05,5.9442487652257e-05,-4.1273571570555e-05,20925680.9185395,6576.918373835649,21.56437431403584,20925681.95209313,-15.07401834921075,21.56437431403584,0.018049273123965,35.626649745015,6.5413019554605e-09,1.35009628,19.6969697,19.6969697,0.998349023,2.53152192,26.3105663,145.056206,2.53152192,1.18142564,0,1,0.523,0,2.41954631,0.174,0.348,0,-0.360214938,-0.900537346,-0.828178176,0,0,0,-1,-85.3408577,0,77.1886171,-77.1886171,0,-30,-0.5235,0.0494232623,2.46896957,0,0,0,-35.6266497,-27.1198826,-3.24472401,26.1873405,0,0,0,-0,0,0,0.002,0,0,0,0,0,0,0,0,0,0,0,-825,-1.5,1.2995,29.8874,0,0,0,-0,0,130,130,5.88097750228534289e-05,-4.11314776358613464e-05,20925681.4646488242,31.8791043748826688
4.559998199,42.18613811427463,-32.87273320549266,92.98116165927706,24.34426514089511,80.38040689560822,-12.40526520678285,42.18764245936499,-32.87031044418394,92.97810822237014,1.682368426,1172246.368,37.6395492359,1526.16810596,2.969864044825012,-26.59075753766589,-26.473518614094,-30.01063274116898,-48.56504134393577,1.112123529036509,-30.58744688889449,25.93049596306954,8.387003859341938,27.14196374509328,1.148127662686208,2.806951536143103,2.969864044825012,-26.59075753766589,-26.473518614094,-37.81183626086019,1525.691442543987,4.997484485651122,-37.30566034908286,-0.2202757748932669,4.997484485651119,4.997525083738346,-0.2203038793530983,37.30565474456398, 2095.734879,-10.78165492, 13.55483334,-10.78165492, 1505.011878, 3.979907608, 13.55483334, 3.979907608, 3150.439301,77.08075536,2480,45.48951612903226,4.22741935483871,35.42701612903226,27.600087381899,27.600087385092,-127.6142036475165,-2.113554731943173,68.88124274353568,-0.3733213628194302,0.7352956618601836,0.5141045205468044,-0.2359406528463846,0.09954919995288003,0.6867678285008447,0.6275045470709668,0.3530976492844957,-0.09949049250688335,-0.6866634900052517,-0.6276187205241032,-0.3531141954697276,-83.599181069647,-44.947447595625,6.1935037228849e-05,6.2352447657383e-05,-4.3164145131077e-05,20925672.77389781,6942.447018244156,22.62003248112447,20925673.92552914,-15.76449145056267,22.62003248112447,0.019052010519741,27.600087385092,-3.2706509777303e-09,1.20520448,19.6969697,19.6969697,0.998638707,2.53293267,27.5714172,145.137042,2.53293267,1.32772819,0,1,0.523,0,2.22728803,0.174,0.348,0,-0.552901361,-1.3822534,-1.34926915,0,0,0,-1,-80.5534884,0,68.8863166,-68.8863166,0,-30,-0.5235,0.0214814257,2.24876945,0,0,0,-27.6000874,-27.5560908,-3.2991254,34.0065293,0,0,0,-0,0,0,0.002,0,0,0,0,0,0,0,0,0,0,0,-825,-1.5,1.29949,29.8915,0,-0,-0,0,0,130,130,6.21255222169634171e-05,-4.25785509643623747e-05,20925673.4816070981,42.1876424593649801
4.799998105,45.3169681077354,-13.39118315355143,90.71469164687291,2.625342779043505,83.98478871012216,-5.55859423964164,45.31883740597205,-13.39003325120033,90.7111364039642,2.405982036,1401986.595,45.0057597753,1533.74315653,-4.552992605551008,-37.10941455896778,-25.05354311020936,-30.4132835929156,-37.66280226397696,7.564696112123361,-19.65291713349491,34.08166280531883,27.84783912051832,44.9332454793317,1.603023114547935,-8.582686651055521,-4.552992605551008,-37.10941455896778,-25.05354311020936,-44.03020940516924,1533.084203660075,9.06837125980122,-43.49468613033246,7.176024949017844,9.068371259801221,9.068421929100831,7.175993832430939,43.49468069986681, 2095.734879,-10.78165492, 13.55483334,-10.78165492, 1505.011878, 3.979907608, 13.55483334, 3.979907608, 3150.439301,77.08075536,2480,45.48951612903226,4.22741935483871,35.42701612903226,17.851723399013,17.851723401798,-118.161221755667,19.55944049329501,61.65334190520062,-0.3601520160885162,0.770709845245713,0.358282420726697,-0.3846174290732601,-0.001321609997546517,0.8169397728573127,0.5080095706560317,0.2730090419614906,0.001369389478116338,-0.8168508532409078,-0.5081525360695195,-0.2730088064846513,-100.29998266945,-55.542704221697,6.6300106961077e-05,6.674693593343e-05,-4.0990041678848e-05,20925662.9005504,7309.459287116152,24.2142402977821,20925664.17716394,-14.970454265027,24.2142402977821,0.020054747915517,17.851723401798,0,1.07905381,19.6969697,19.6969697,0.998990623,2.58786199,28.4682726,148.284492,2.58786199,1.50880818,0,1,0.523,0,2.06230237,0.174,0.348,0,-0.615590291,-1.53897573,-1.53249703,0,0,0,-1,-78.158566,0,61.6578834,-61.6578834,0,-30,-0.5235,-0.00509766959,2.0572047,0,0,0,-17.8517234,-27.1005179,-3.24722423,40.2474565,0,0,0,-0,0,0,0.002,0,0,0,0,0,0,0,0,0,0,0,-825,-1.5,1.29949,29.8989,0,-0,-0,0,0,130,130,6.69262562613175208e-05,-4.01725719764947059e-05,20925663.8512520641,45.3188374059720545
5.03999801,-86.38981571404952,-55.48202191406033,167.2557289418204,303.8027045397534,-80.6821946740158,4.886994996628671,-86.38792818679264,-55.48109667137874,167.2521181980896,1.973766737,1269935.687,40.7580020961,1537.63972998,-17.22096873977469,-20.4476929033028,-30.7659686254197,-75.37704028394512,86.62759938175493,-52.70487289315234,-12.20168453537927,15.35184489977306,37.46606545423401,39.16842355216112,1.832828469902961,-22.4078195727195,-17.22096873977469,-20.4476929033028,-30.7659686254197,-37.05312079982436,1537.12689137124,14.28024021265635,-36.48911848412229,11.2175624172502,14.28024021265635,14.28028738798431,11.21754020662784,36.48910684976615, 2095.734879,-10.78165492, 13.55483334,-10.78165492, 1505.011878, 3.979907608, 13.55483334, 3.979907608, 3150.439301,77.08075536,2480,45.48951612903226,4.22741935483871,35.42701612903226,8.892498344183,8.8924983442598,-143.6948706213506,51.37080553253794,43.64199755737579,-0.107555755078733,0.845172230802157,0.1929479096186621,-0.4867101437243092,0.06038158603707146,0.9417829595888656,0.2124878534188712,0.2534715629910486,-0.06033500677281677,-0.9417438966595989,-0.2126609130209813,-0.2534826545055924,-119.23752066789,-30.111565218607,7.3579547273592e-05,7.4075436181962e-05,-3.4875460286785e-05,20925653.80937543,7677.910648766263,26.87283863532515,20925655.2179371,-12.73727076811247,26.87283863532515,0.021057485311292,8.8924983442598,0,0.76469655,19.6969697,19.6969697,0.999314141,2.69897436,29.738641,154.651231,2.69897436,1.93427781,0,1,0.523,0,2.50794861,0.174,0.348,0,1.78752466,4.46881166,4.76962004,0,0,0.0061359375,-1,-273.927021,0,43.6452123,-43.6452123,0,-30,-0.5235,-0.0303804853,2.47756813,0,0,0,-8.89249834,-25.7709081,-3.09021729,33.3988896,0,0,0,-0,0,0,0.002,0,0,0,0,0,0,0,0,0,0,0,-825,-1.5,1.29949,29.9064,0,0,-0,0,0,130,130,7.42697532882529723e-05,-3.37167435279272498e-05,20925655.1470204853,-86.3879281867926494
5.279997915,592.5150630843365,289.1203872109355,-15.79656150028626,-309.1884308139534,-669.6321724825481,566.7695734648823,592.5190027474358,289.121703420105,-15.79611099885463,0.4622461366,614600.5823,19.7226908087,1534.62950266,18.31271447773245,-3.850309476621639,6.229296760084855,-23.74599396419205,75.18134294357608,85.2655590321833,-47.57926562776169,4.445561842701515,2.984430124655672,5.043024219939542,-0.3207374249087412,-15.48561237190851,18.31271447773245,-3.850309476621639,6.229296760084855,5.34065511023454,1534.529052549197,16.72646720384411,5.930710751611649,8.604446385059473,16.72646720384411,16.72645844269005,8.604449392250487,-5.930731097856405, 2095.734879,-10.78165492, 13.55483334,-10.78165492, 1505.011878, 3.979907608, 13.55483334, 3.979907608, 3150.439301,77.08075536,2480,45.48951612903226,4.22741935483871,35.42701612903226,3.3131774887443,3.3131774868669,169.1488272418651,-2.828592264203104,19.25019588818457,0.08908516483901004,0.9815969938990184,0.1640999788718452,0.04002963787341594,0.1790291543407221,0.6657881422552797,0.05304318266145571,0.7223995655462793,-0.1788900806123286,-0.6657779184815804,-0.05317135372479311,-0.7224340173773116,18.786373051761,-11.257711257295,8.4073574939827e-05,8.4640188435496e-05,-2.9052068766108e-05,20925648.09165571,8046.256643387575,30.70547583101133,20925649.63861212,-10.61043967710884,30.70547583101133,0.022060222707068,3.3131774868669,0,0.3389793,19.6969697,19.6969697,0.999515653,2.80888296,32.4870334,160.948994,2.80888296,2.46990366,0,1,0.523,0,-2.95220396,-0.174,0.348,0,2.05641398,5.14103494,5.17477458,0,0,0.139592578,-1,56.7147514,0,19.2516139,-19.2516139,0,-19.2516139,-0.335940662,-0.0484711061,-3.00067507,0,0,0,-3.31317749,-23.8826629,-2.86512827,-8.79585937,0,0,0,-0,0,0,0.002,0,0,0,0,0,0,0,0,0,0,0,-825,-1.5,1.2995,29.9111,0,0,0,-0,0,130,130,8.4315788148893678e-05,-2.78242285740158853e-05,20925649.4417978004,592.51900274743582
5.51999782,-33.65015956521651,-367.6046101388601,965.6512996413002,6636.643668571983,-7494.790237439665,-291.4711354340131,-33.65121912633742,-367.6030759624664,965.6550386166248,43.37499903,5952161.316,191.121231032,1526.99826987,-87.14249311824292,129.3751023046132,110.4336622044651,3672.475704598339,1380.767835988388,1208.831475969081,-731.4890971477452,-561.0864171217913,306.294216514895,764.5786518733922,-1.389601354612599,559.5035465682066,-87.14249311824292,129.3751023046132,110.4336622044651,89.05104584501422,1515.06565386796,168.4330486488121,89.66014246062699,-10.89458250182289,168.4330486488121,168.4328447942233,-10.89453859006629,-89.66053075080853, 2095.734879,-10.78165492, 13.55483334,-10.78165492, 1505.011878, 3.979907608, 13.55483334, 3.979907608, 3150.439301,77.08075536,2480,45.48951612903226,4.22741935483871,35.42701612903226,28.439668804407,28.439668809591,-56.6816234100742,-36.06983138243199,251.715011977435,-0.3711141710381173,0.4852574155632663,-0.2062264224462818,0.764375676863516,-0.4082410997809278,-0.1973673912847345,0.1165937575902562,0.8836239092499149,0.4084189316869889,0.1973908532144238,-0.1165540326150867,-0.8835417278137473,128.27674410817,42.60396434463,0.00012939742768331,0.00013026950003484,-2.8061055665352e-05,20925673.07394572,8412.849896082524,47.25877735068655,20925674.76507257,-10.2485127073578,47.25877735068655,0.023062960102844,28.439668809591,-3.2706509777302e-09,4.39625574,19.6969697,19.6969697,0.998608402,2.92803987,48.3571882,167.776685,2.92803987,-1.46821586,0,1,-0.523,0,0.989280954,0.174,0.348,0,2.15943024,5.39857561,4.25602539,0,0,0.292991016,-1,-623.20645,0,251.733554,-251.733554,360,30,0.5235,-0.0577716738,0.93150928,0,0,0,-28.4396688,-22.8662689,-2.73744918,-92.3979799,0,0,0,-0,0,0,0.002,0,0,0,0,0,0,0,0,0,0,0,-825,-1.5,1.29962,30.0077,0,0,0,0,0,130,130,0.000128248560764993084,-2.7981711285868104e-05,20925674.4991072603,-33.6512191263374234
5.759997725,306.6101084087878,15.38819788029691,791.1774964952394,140.5425690316825,-6744.23694131271,-367.1944931195349,306.6100596313912,15.38675532225541,791.1814173306756,39.31549801,5665740.721,182.010874744,1534.05504015,-22.14235276598556,-137.755955660619,116.8801583634472,-1166.851825866776,1001.836440935935,894.9211796733842,-269.6167116518018,729.8116517852715,120.2767714000437,760.5643410680158,41.09115278932683,152.7481972272558,-22.14235276598556,-137.755955660619,116.8801583634472,90.53568971080576,1523.259738660461,157.5053131623399,91.17413272419003,-2.70413991377484,157.50531316234,157.5049351719097,-2.704058823649746,-91.17478811282788, 2095.734879,-10.78165492, 13.55483334,-10.78165492, 1505.011878, 3.979907608, 13.55483334, 3.979907608, 3150.439301,77.08075536,2480,45.48951612903226,4.22741935483871,35.42701612903226,48.303716924042,48.303716927171,69.66860621574155,-11.16264144047002,90.68177389975675,0.5346839191266999,0.4563728756888575,0.3482608901829214,0.6201219697219206,0.6243363273271271,-0.1157897313070659,-0.1318222306280162,0.7611962874421855,0.6241764525742008,-0.1157620443942053,-0.1318465450498511,0.7613273892931859,100.72726858122,-49.187776033221,0.00023594627709098,0.0002375364325658,-5.0958772275741e-05,20925692.79093549,8770.717123315922,86.17283480985762,20925694.62899002,-18.61127846366435,86.17283480985762,0.02406569749862,48.303716927171,3.2706509777297e-09,1.58569553,19.6969697,19.6969697,0.997891638,2.92888364,88.1595204,167.825033,2.92888364,1.34318812,0,1,0.523,0,-1.21594656,-0.174,0.348,0,-5.99400483,-14.9850121,-17.7010584,0,0,0.386564063,-1,272.62956,0,90.6884536,-90.6884536,0,-30,-0.5235,-0.055087224,-1.27103379,0,0,0,-48.3037169,-24.3274561,-2.90754367,-94.0823318,0,0,0,-0,0,0,0.002,0,0,0,0,0,0,0,0,0,0,0,-825,-1.5,1.29962,30.1047,0,-0,0,0,0,130,130,0.000235613616481398261,-5.00935703532150858e-05,20925694.9939394519,306.610059631391152
5.999997631,595.9862542389299,96.88419473719613,587.1183514472698,-2338.253931192427,3006.177284002234,-363.8348956593557,595.9901136428125,96.88320636808079,587.1196101893468,36.85217073,5484969.459,176.237204218,1548.16653036,162.7410078330095,-30.14731593421936,60.5479633196249,-354.4242414030372,-1042.732688406991,388.7140789537218,103.7500565640296,-180.1497859863295,-6.565773404726309,68.25679996146141,21.58624819426188,-214.1239661410154,162.7410078330095,-30.14731593421936,60.5479633196249,5.577386706456901,1538.15391088718,175.7015790912873,6.249479741378234,12.22502590942666,175.7015790912874,175.7015408669741,12.22502955385968,-6.250547181986278, 2095.734879,-10.78165492, 13.55483334,-10.78165492, 1505.011878, 3.979907608, 13.55483334, 3.979907608, 3150.439301,77.08075536,2480,45.48951612903226,4.22741935483871,35.42701612903226,56.265990700573,56.265990703004,-62.04963438056633,20.76155806954072,351.0685133704685,0.8475898408993109,-0.4934109404708137,0.1934177346144518,0.02695710230350416,0.7361020052262641,-0.3679548980244182,-0.4625716760875617,-0.3298340118957671,-0.736174143209598,0.3678536954847675,0.462652160069329,0.3296729718539242,20.407770533255,-9.8495147276984,0.00034806833773856,0.00035041413682325,-3.3412501420563e-05,20925700.59349776,9143.350884451629,127.1223566355166,20925702.59105841,-12.2029942430654,127.1223566355166,0.025068434894396,56.265990703004,0,6.13030146,19.6969697,19.6969697,0.997604449,3.04589181,127.706375,174.5296,3.04589181,-3.08440965,0,1,-0.523,0,1.08297042,0.174,0.348,0,-10.9148321,-27.2870802,-28.0459123,0,0,0.325204687,-1,434.875987,0,351.094374,-351.094374,360,8.90562643,0.155403181,-0.0556634897,1.02730693,0,0,0,-56.2659907,-27.1760541,-3.24583561,-9.4963828,0,0,0,-0,0,0,0.002,0,0,0,0,0,0,0,0,0,0,0,-825,-1.5,1.29953,30.1679,0,-0,-0,-0,0,130,130,0.00034869429604505981,-3.45955099822421356e-05,20925702.4980528615,595.990113642812503
6.239997536,364.941181851694,-222.5103337151382,514.395762038402,1122.041118601367,-952.0181700372502,-591.7105782245502,364.9420092588111,-222.5095688765889,514.3997853110637,34.64721182,5317910.295,170.905728765,1593.61092483,73.76916522369579,-38.80113629485352,149.2023800387632,618.0236925608847,340.1322974502144,-244.6822112189867,-190.0167165639631,382.2308482297934,-111.5655265636248,379.1921520703561,21.84188505281115,-197.9929850067976,73.76916522369579,-38.80113629485352,149.2023800387632,52.18878239610252,1585.565084146668,151.180272109695,52.90970866965311,59.61422798405792,151.1802721096951,151.179846714584,59.61424686342144,-52.91090287517461, 2095.734879,-10.78165492, 13.55483334,-10.78165492, 1505.011878, 3.979907608, 13.55483334, 3.979907608, 3150.439301,77.08075536,2480,45.48951612903226,4.22741935483871,35.42701612903226,65.141240838915,65.141240840365,103.6507778146599,-13.99622691293421,78.22337019129634,0.4155701382812856,0.6529319998801426,0.4337951520456788,0.4613057876973331,0.6005921488628412,0.1354970291144001,0.01288459228684969,0.7878855329977115,-0.6004128784113745,-0.1354940941837706,-0.01291541941039671,-0.7880221556660327,63.691125778558,-13.12241892464,0.00045757031787916,0.0004606541018898,-2.0444415485066e-05,20925709.30308796,9514.313285138172,167.115004437208,20925711.46602771,-7.466761830763062,167.115004437208,0.026071172290172,65.141240840365,0,1.36825536,19.6969697,19.6969697,0.997284409,3.09694197,167.281206,177.454775,3.09694197,1.72868661,0,1,0.523,0,-1.80904735,-0.174,0.348,0,-6.17300349,-15.4325087,-14.7860523,0,0,0.306796875,-1,366.569056,0,78.2291322,-78.2291322,0,-30,-0.5235,-0.0722774552,-1.8813248,0,0,0,-65.1412408,-30.2586573,-3.61132801,-56.5222309,0,0,0,-0,0,0,0.002,0,0,0,0,0,0,0,0,0,0,0,-825,-1.5,1.29958,30.21,0,-0,-0,-0,0,130,130,0.000456849115531361228,-1.94498765234363757e-05,20925711.681987036,364.942009258811083
6.479997441,409.1048555352029,-49.02769617607797,370.0574071048559,-614.7958041731275,108.9574275252413,-410.2640740831019,409.1087554164581,-49.0288800949545,370.0583266513441,32.87279413,5179722.498,166.483120765,1594.44638945,124.1910772755914,-70.74022245450888,85.37579722525673,-242.7707010282014,-199.2899149549065,159.3264539689164,-77.87766668364689,-254.4025347544414,80.88034021476621,146.7481669823302,22.01023766370827,-226.5428955537958,124.1910772755914,-70.74022245450888,85.37579722525673,-7.731765637262728,1586.899378107518,154.7574631443214,-6.981166653336231,60.97557226402903,154.7574631443214,154.7575312765891,60.97557566046171,6.979626471692583, 2095.734879,-10.78165492, 13.55483334,-10.78165492, 1505.011878, 3.979907608, 13.55483334, 3.979907608, 3150.439301,77.08075536,2480,45.48951612903226,4.22741935483871,35.42701612903226,69.769718620926,69.769718618878,-114.2426535187516,10.20411415855536,341.5165853831834,-0.5456868225234278,0.8178832609178588,-0.181990864703118,0.01312205773749563,-0.5145447150231881,0.5690491737464918,0.2571745276087569,0.5876121479763279,0.514683532511518,-0.5689883966707724,-0.2573089665098673,-0.5874905629617492,34.506778489563,-25.144921069831,0.00055549378639073,0.00055923752239821,2.7875236612593e-05,20925713.75319156,9898.185182337198,202.8789094981819,20925716.09418604,10.18066762282615,202.8789094981819,0.027073909685947,69.769718618878,-3.2706509777272e-09,5.96358887,19.6969697,19.6969697,0.997117539,-3.0914537,203.133505,-177.140297,-3.0914537,-2.77185726,0,1,-0.523,0,1.99391045,0.174,0.348,0,-7.18024151,-17.9506038,-18.4755055,0,0,0.223961719,-1,189.18714,0,341.541742,-341.541742,360,18.458258,0.322096603,-0.0776845689,1.91622588,0,0,0,-69.7697186,-33.9240228,-4.04721404,2.93241243,0,0,0,-0,0,0,0.002,0,0,0,0,0,0,0,0,0,0,0,-825,-1.5,1.29952,30.2344,0,0,-0,-0,0,130,130,0.000556228209948105966,2.73732288911800104e-05,20925715.7182072923,409.108755416458109
6.719997346,343.6094124408912,-191.1407272986372,274.2315750288568,-10.12151403188948,-272.7906524359238,-460.9340282421545,343.6113995945131,-191.1426828767913,274.2346868190202,31.2556283,5050634.598,162.340178407,1557.54934947,110.6817950356034,-65.45034003656652,99.09655272559705,174.8576403887853,93.68615811441504,-168.8800704941886,223.00236448936,78.17505458128751,-81.83240385958324,179.6397828445676,18.6206890364911,-212.886438857657,110.6817950356034,-65.45034003656652,99.09655272559705,32.94183045528669,1549.257846512169,157.0825797385499,33.70235041755778,23.31412113541434,157.08257973855,157.0821885979796,23.31409151244008,-33.70419391590413, 2095.734879,-10.78165492, 13.55483334,-10.78165492, 1505.011878, 3.979907608, 13.55483334, 3.979907608, 3150.439301,77.08075536,2480,45.48951612903226,4.22741935483871,35.42701612903226,71.343363333493,71.343363334621,26.91758627553272,43.55572277471214,48.98347142915004,0.8576622335717676,0.04710480117587757,0.417955259915269,0.2958209450326797,0.9019958690863601,-0.1758701423338482,-0.3109250941227557,0.2424844964763099,0.9019364296815336,-0.1757939557539097,-0.3109681756067089,0.2427054916839658,41.838987928512,-23.776365789231,0.00066048992937039,0.000664941283831,5.0360608818964e-05,20925715.14596315,10272.62048135621,241.225896606186,20925717.66741549,18.39283609824088,241.225896606186,0.028076647081723,71.343363334621,3.2706509777259e-09,0.857922855,19.6969697,19.6969697,0.997060811,-3.06549254,241.925253,-175.652723,-3.06549254,2.35976991,0,1,0.523,0,-0.469800507,-0.174,0.348,0,-6.17149444,-15.4287361,-15.3585484,0,0,0.199417969,-1,414.350169,0,48.9870796,-48.9870796,0,-30,-0.5235,-0.0741210046,-0.543921512,0,0,0,-71.3433633,-37.3242668,-4.45228363,-38.1564775,0,0,0,-0,0,0,0.002,0,0,0,0,0,0,0,0,0,0,0,-825,-1.5,1.29956,30.2486,0,0,-0,-0,0,130,130,0.000660732744656388014,4.98129141936932708e-05,20925718.1157897003,343.611399594513159
6.959997252,293.6746582324295,-135.7657595635636,170.243236483005,-397.5438209553554,376.0648737196634,-344.5210330766157,293.6780535551835,-135.7658994063317,170.245667229979,29.09224735,4872218.272,156.646042851,1593.59998611,130.9348868755344,-69.88126080363676,50.106362152021,-28.84980377054941,-87.87270213879998,-119.4792856823565,-115.5058814723118,133.3369502783149,-50.07089732804337,50.85500538085288,15.73833543211487,-156.1933046589256,130.9348868755344,-69.88126080363676,50.106362152021,41.45226118147548,1587.081492661536,137.8947475760313,42.2598179877979,61.13206290732534,137.8947475760313,137.8941855812493,61.13200560410984,-42.26173463580794, 2095.734879,-10.78165492, 13.55483334,-10.78165492, 1505.011878, 3.979907608, 13.55483334, 3.979907608, 3150.439301,77.08075536,2480,45.48951612903226,4.22741935483871,35.42701612903226,82.17959612608,82.179596126163,111.4059410711493,-16.67910225958394,31.9674750372747,0.5029764977326965,0.8082962605594356,0.1465131401308943,0.2687111788950523,0.4592563349425179,0.3815393774556826,-0.252060452387363,0.7615621121144184,0.4590630619657161,0.3816033294171961,-0.2519636227408688,0.7616786310063249,20.940925135426,-26.494335073635,0.00075683276138219,0.00076193341315912,7.7691512592694e-05,20925725.79369265,10648.83024487175,276.4126262446553,20925728.50319899,28.37471648583414,276.4126262446553,0.029079384477499,82.179596126163,0,0.560937693,19.6969697,19.6969697,0.996670242,-3.03929749,277.864093,-174.151746,-3.03929749,2.68295012,0,1,0.523,0,-1.94440048,-0.174,0.348,0,-5.43439429,-13.5859857,-13.9521661,0,0,0.141126563,-1,349.212463,0,31.9698298,-31.9698298,0,-30,-0.5235,-0.0960375077,-2.04043799,0,0,0,-82.1795961,-41.0720494,-4.89489308,-47.1566277,0,0,0,-0,0,0,0.002,0,0,0,0,0,0,0,0,0,0,0,-825,-1.5,1.29957,30.2519,0,0,-0,-0,0,130,130,0.000756992896954725939,7.89759189251322986e-05,20925728.6605871432,293.678053555183453
7.199997157,204.9471887436168,-90.79195915071391,104.44152152821,-290.0407249990008,-0.5815845174729584,-213.4545461296591,204.9512150124951,-90.79252536182781,104.4424832284485,27.13877622,4705542.93,151.308361066,1603.98426236,115.9576547048816,-89.22973318130782,38.54993074326576,-60.69284115839468,-58.72169061374443,-28.02545064829056,-166.6747617213459,-29.40938092816227,-0.2355910275883014,33.81271943696993,17.49549050333418,-132.2816401637789,115.9576547048816,-89.22973318130782,38.54993074326576,3.479017982413654,1598.480970792363,132.7101968503053,4.321567354665746,72.5503124467899,132.7101968503052,132.7101326618261,72.5503031117313,-4.323694699088854, 2095.734879,-10.78165492, 13.55483334,-10.78165492, 1505.011878, 3.979907608, 13.55483334, 3.979907608, 3150.439301,77.08075536,2480,45.48951612903226,4.22741935483871,35.42701612903226,87.999941192567,87.999941197049,-174.9803612417362,-12.71418558285507,351.0750950350329,-0.03478265115330965,0.9902650695570994,-0.07241917228669577,0.1136693568167338,-0.07580417697800861,0.6198410059503703,-0.0266118070575313,0.7806040390750308,-0.076009095441932,0.6198479706183297,-0.02644908793838681,0.7805841123656468,18.389301380714,-36.137219134547,0.00084509704636933,0.00085079255106209,0.00012376291242446,20925731.41514873,11031.88221039042,308.6488467586663,20925734.32306079,45.20105750293806,308.6488467586663,0.030082121873275,87.999941197049,-3.2706509777231e-09,6.13041633,19.6969697,19.6969697,0.996460512,-2.99617818,311.939774,-171.681009,-2.99617818,-2.8434092,0,1,-0.523,0,3.05398343,0.174,0.348,0,-3.50922734,-8.77306834,-9.37053757,0,0,0.0398835937,-1,15.6005246,0,351.100956,-351.100956,360,8.89904428,0.155288323,-0.0990330288,2.9549504,0,0,0,-87.9999412,-45.3386342,-5.40073813,-9.72443283,0,0,0,-0,0,0,0.002,0,0,0,0,0,0,0,0,0,0,0,-825,-1.5,1.29953,30.246,0,0,-0,-0,0,130,130,0.000845701734825093487,0.000124578501472087162,20925733.9934772775,204.951215012495084
7.439997062,149.9659334068931,-95.72548512484738,59.52482228143574,-176.9964589160654,-0.01837416876880683,-161.2601189371667,149.969812643556,-95.72702666163167,59.52499973765818,25.77937956,4586310.275,147.463382383,1585.92044106,103.5736895015611,-100.527575028045,30.20176561011677,-39.00721795821603,-33.28709982511863,-43.95862824097945,-84.9480982501421,-104.4896612429731,9.955262209272348,23.29720787533709,18.5642303379057,-113.6162934486642,103.5736895015611,-100.527575028045,30.20176561011677,-27.76478596524902,1579.959511883904,134.5388525443776,-26.90317152002456,54.04595879582293,134.5388525443776,134.5392934629521,54.04603689961289,26.90080953965438, 2095.734879,-10.78165492, 13.55483334,-10.78165492, 1505.011878, 3.979907608, 13.55483334, 3.979907608, 3150.439301,77.08075536,2480,45.48951612903226,4.22741935483871,35.42701612903226,84.879952032119,84.879952035537,-131.2402329731583,15.03874734603924,344.0283370978781,-0.4218255959208072,0.8867347148472835,-0.1789453925990243,-0.06118217533190591,-0.4248086798633866,0.6702734279001824,0.1717466930143023,0.5837586751409498,-0.4249670184455819,0.6702268141030594,0.1719285094673746,0.5836434172703934,16.256520098225,-42.977579445168,0.00093278334405758,0.00093906980871097,0.00016633840266473,20925728.08990994,11413.65272225053,340.6738453623409,20925731.20253206,60.75059511208383,340.6738453623409,0.031084859269051,84.879952035537,0,6.0074272,19.6969697,19.6969697,0.996572933,-2.96512281,346.046711,-169.901537,-2.96512281,-2.68936471,0,1,-0.523,0,2.29057418,0.174,0.348,0,-2.50712357,-6.26780893,-6.47060251,0,0,0.0306796875,-1,-0.332733089,0,344.053679,-344.053679,360,15.9463213,0.278263307,-0.0813584612,2.20921572,0,0,0,-84.879952,-49.3068038,-5.87496486,21.0258447,0,0,0,-0,0,0,0.002,0,0,0,0,0,0,0,0,0,0,0,-825,-1.5,1.2995,30.2362,0,0,-0,-0,0,130,130,0.000933721614959836187,0.000166182842727524119,20925730.8490117043,149.969812643555969
7.679996967,112.2846994451499,-88.97185736010613,25.33162196544673,-138.2172745518015,56.23373525262004,-121.4588793571532,112.2882218368693,-88.97409314260214,25.33139760711792,24.84125407,4502426.687,144.738218826,1561.76496756,95.9646290427239,-106.2422025976474,21.27290174599388,-18.0376839982317,-10.90354008450031,-33.84153070213426,-12.65574670353491,-92.57264143448957,6.978915894458252,13.11909451890321,16.89892354507382,-92.40825973361997,95.9646290427239,-106.2422025976474,21.27290174599388,-38.57995968395941,1555.299906720846,136.6147896987857,-37.70377711900704,29.3934757270838,136.6147896987858,136.6154666822789,29.39360311054672,37.70122475682586, 2095.734879,-10.78165492, 13.55483334,-10.78165492, 1505.011878, 3.979907608, 13.55483334, 3.979907608, 3150.439301,77.08075536,2480,45.48951612903226,4.22741935483871,35.42701612903226,76.78014305979,76.780143059361,-91.32666033807494,32.45897098851479,2.36671060903356,-0.6667516296780218,0.6906304242451262,-0.1811004918317392,-0.2137159172523221,-0.5995194711167713,0.6394658228326278,0.3434136755730843,0.3372342103201304,-0.5996138789589271,0.6393696360603637,0.3435927234760122,0.337066321394179,12.498893521397,-47.225320367801,0.0010219132441886,0.0010288003997457,0.00019357594848723,20925719.78098512,11789.81854378714,373.2259821999426,20925723.10213282,70.69834343325601,373.2259821999426,0.032087596664826,76.780143059361,3.2706509777197e-09,0.0443068926,19.6969697,19.6969697,0.996864838,-2.9543857,379.861585,-169.2863,-2.9543857,-2.99869259,0,1,-0.523,0,1.59395092,0.174,0.348,0,-1.83492604,-4.58731509,-4.73970592,0,0,0.153398437,-1,41.7962135,0,2.36688494,-2.36688494,0,-2.36688494,-0.0413021423,-0.0704253406,1.52352558,0,0,0,-76.7801431,-52.320295,-6.2382638,31.462961,0,0,0,-0,0,0,0.002,0,0,0,0,0,0,0,0,0,0,0,-825,-1.5,1.29949,30.2266,0,0,-0,-0,0,130,130,0.0010230229080007004,0.000192942585702557618,20925722.9326405227,112.28822183686934
7.919996873,82.61480415617503,-71.11906862118963,-0.1363030651750655,-106.3002862304572,91.06124170418526,-89.52741526891246,82.6180889003149,-71.12162101887631,-0.1366929695722275,24.22363902,4446476.52,142.908739629,1543.7901195,94.36481203127119,-106.3113119599528,14.70017217994739,8.454288753325716,13.12421411427994,-23.39622926940511,18.16342561203972,-58.10080794124414,2.728563496084595,5.927755893722283,14.66103427659648,-75.2809893838551,94.36481203127119,-106.3113119599528,14.70017217994739,-37.18797456141206,1537.181355621978,137.7623589379971,-36.29469300404553,11.27544154542014,137.7623589379971,137.763068145892,11.27557233949965,36.29196034813569, 2095.734879,-10.78165492, 13.55483334,-10.78165492, 1505.011878, 3.979907608, 13.55483334, 3.979907608, 3150.439301,77.08075536,2480,45.48951612903226,4.22741935483871,35.42701612903226,67.755857307464,67.755857315265,-55.59872325854493,29.86036815292124,24.97045925487472,0.8085335388200752,-0.4892460953695718,0.1250956137221645,0.3020974382483055,0.6601710215680719,-0.559562215097564,-0.4832710498220987,-0.1323383622413481,-0.6602092090793251,0.5594226387289429,0.483432613130923,0.132147720698489,8.8543829297486,-48.065604296977,0.0011121223312448,0.0011196174516599,0.00020647517076138,20925710.54380687,12160.74685371711,406.1722193739089,20925714.07721293,75.40940055503597,406.1722193739089,0.033090334060602,67.755857315265,3.2706509777178e-09,0.43881673,19.6969697,19.6969697,0.997190142,-2.95802407,413.111773,-169.494779,-2.95802407,2.88634451,0,1,0.523,0,0.970380781,0.174,0.348,0,-1.30596809,-3.26492023,-3.383886,0,0,0.222427734,-1,37.5739692,0,24.9722986,-24.9722986,0,-24.9722986,-0.435766611,-0.0793661055,0.891014675,0,0,0,-67.7558573,-54.2085177,-6.46829267,29.8236677,0,0,0,-0,0,0,0.002,0,0,0,0,0,0,0,0,0,0,0,-825,-1.5,1.29949,30.2188,0,0,-0,-0,0,130,130,0.00111329536415760125,0.00020578207635205386,20925714.0745717697,82.6180889003149019
8.159996778,60.42312680118628,-48.03510827762472,-18.89143775722464,-76.67809141152497,96.53738639109814,-66.22329327365267,60.42640382348335,-48.03766190503207,-18.89188094497665,23.76489514,4404502.945,141.532319941,1533.37339114,99.19262093981141,-100.4425187373687,10.17457462428275,33.28933175377861,38.23692852299094,-14.58827495365227,23.85189322136426,-30.29574324109599,0.583733048814295,1.621183291953037,11.97997377964952,-62.55012391726802,99.19262093981141,-100.4425187373687,10.17457462428275,-31.8302489416325,1526.809095560224,138.1114681344668,-30.91614076487319,0.9012202558552787,138.1114681344669,138.112121490725,0.9013336276227895,30.91321858079184, 2095.734879,-10.78165492, 13.55483334,-10.78165492, 1505.011878, 3.979907608, 13.55483334, 3.979907608, 3150.439301,77.08075536,2480,45.48951612903226,4.22741935483871,35.42701612903226,59.666694801301,59.666694802746,-34.29183346134895,18.12494787927193,34.38294903406894,0.8877451980222492,-0.3226052925185522,0.05773960273086261,0.3232652578053186,0.6685525113847123,-0.4566983746871953,-0.5869104869137786,0.0004630657620134091,-0.6685523440250816,0.456523737940301,0.5870463370027188,-0.000661972261339478,5.8565694606889,-45.208805870846,0.0012027929145237,0.0012108991102033,0.00021010785890931,20925702.23714733,12528.29105399606,439.2869965428571,20925705.98737212,76.73611073200118,439.2869965428571,0.034093071456378,59.666694802746,0,0.603095667,19.6969697,19.6969697,0.99748181,-2.96865427,445.937613,-170.10389,-2.96865427,2.71143537,0,1,0.523,0,0.5985054,0.174,0.348,0,-0.908193184,-2.27048296,-2.35763819,0,0,0.305262891,-1,17.6521894,0,34.3854817,-34.3854817,0,-30,-0.5235,-0.100301906,0.498203494,0,0,0,-59.6666948,-55.0961823,-6.5786678,24.3345508,0,0,0,-0,0,0,0.002,0,0,0,0,0,0,0,0,0,0,0,-825,-1.5,1.2995,30.2131,0,0,-0,-0,0,130,130,0.00120397394993934062,0.000209471712756073537,20925706.079471752,60.4264038234833549
8.399996683,45.1320333013804,-27.33873302668199,-32.95517746252968,-48.18308073687724,70.38667686023821,-50.776846042214,45.13550084922418,-27.34102286631866,-32.9556122611543,23.42550193,4373214.934,140.504081216,1528.51360715,109.1396732325069,-88.11264408673146,8.129607445430961,49.56846709307424,67.13347127733313,-3.002680179979048,17.24318497208129,-11.8592209564192,-0.9054572175035936,-0.9119664632767666,9.744279727011428,-49.89690335736995,109.1396732325069,-88.11264408673146,8.129607445430961,-26.93053581194062,1522.030834785745,138.0243871029385,-25.99266680721946,-3.879004456977247,138.0243871029386,138.0249778479834,-3.878909693707994,25.98954382289121, 2095.734879,-10.78165492, 13.55483334,-10.78165492, 1505.011878, 3.979907608, 13.55483334, 3.979907608, 3150.439301,77.08075536,2480,45.48951612903226,4.22741935483871,35.42701612903226,52.872504454106,52.872504454794,-21.74623975222932,7.306737509144557,33.20347827165811,0.935762808426318,-0.1982830349223569,0.00618090103598065,0.2915366201533747,0.6660471942650934,-0.3463543507881309,-0.6573218709971177,0.06593752050674948,-0.6660269684283379,0.3461530174263014,0.6574279176667855,-0.06614150682543436,4.2599868531231,-38.837815400849,0.0012935426502845,0.0013022604546076,0.00020888714287384,20925695.22004298,12894.06319289847,472.4306855981292,20925699.19245651,76.2902530363699,472.4306855981292,0.035095808852154,52.872504454794,0,0.582510019,19.6969697,19.6969697,0.997726839,-2.98149024,478.549674,-170.839391,-2.98149024,2.71918505,0,1,0.523,0,0.379543484,0.174,0.348,0,-0.631274717,-1.57818679,-1.63501811,0,0,0.369690234,-1,12.080146,0,33.2059241,-33.2059241,0,-30,-0.5235,-0.12094155,0.258601933,0,0,0,-52.8725045,-55.193237,-6.59400639,19.3955374,0,0,0,-0,0,0,0.002,0,0,0,0,0,0,0,0,0,0,0,-825,-1.5,1.2995,30.2092,0,0,-0,-0,0,130,130,0.00129469144020971151,0.000208257767363227074,20925699.3350184746,45.1355008492241723
8.639996588,35.87591615240978,-13.58575470442982,-43.95171792546811,-29.46814386823615,43.48835995119187,-40.68812422809685,35.87967478022745,-13.58753648448305,-43.95211071068258,23.17003591,4349537.138,139.724030759,1526.80110628,121.5771054750371,-68.41980831404312,7.780875658744757,52.55908655577856,98.91299953216931,0.3303244692755598,13.42274801592166,-2.725859196597036,-0.6389079802882264,-1.779726400245365,7.667193332477928,-45.02317365136564,121.5771054750371,-68.41980831404312,7.780875658744757,-23.28778889843799,1520.389870039809,137.8185042173698,-22.32440244725851,-5.521387696513059,137.8185042173698,137.8190471328004,-5.521307556468992,22.32107035312979, 2095.734879,-10.78165492, 13.55483334,-10.78165492, 1505.011878, 3.979907608, 13.55483334, 3.979907608, 3150.439301,77.08075536,2480,45.48951612903226,4.22741935483871,35.42701612903226,47.093233093619,47.093233095745,-12.4012182344738,-0.01327579369070413,25.89344215295898,0.9688801551802719,-0.1052383801305676,-0.0243113198449085,0.2227219970562965,-0.6679023393207195,0.2319027563167471,0.702300965388426,-0.08307184093957837,-0.6678761369523015,0.2316815064948255,0.7023739843709388,-0.08328223890392794,3.6619078409277,-29.319431114261,0.0013841721063977,0.0013935007086862,0.00020568005201109,20925689.21187178,13259.11026526309,505.53044884741,20925693.41241072,75.11893102821705,505.53044884741,0.03609854624793,47.093233095745,3.2706509777109e-09,0.45492582,19.6969697,19.6969697,0.997935305,-2.99407778,511.07994,-171.560657,-2.99407778,2.83418171,0,1,0.523,0,0.216442089,0.174,0.348,0,-0.46282609,-1.15706522,-1.19127825,0,0,0.449457422,-1,15.0523035,0,25.8953495,-25.8953495,0,-25.8953495,-0.451873849,-0.139747295,0.0766947941,0,0,0,-47.0932331,-54.6859351,-6.53655883,15.7845115,0,0,0,-0,0,0,0.002,0,0,0,0,0,0,0,0,0,0,0,-825,-1.5,1.2995,30.2066,0,0,-0,-0,0,130,130,0.00138524248176289159,0.000204985060809208719,20925693.5930477567,35.8796747802274467
8.879996493,29.61897287452575,-5.21425047371706,-52.75557664019379,-38.9714209205652,27.5898121131082,-25.40971331621051,29.62300341820603,-5.215294944898706,-52.75592319617271,23.0149446,4335156.918,139.245431197,1526.80396878,132.8219703286946,-41.09691773188768,7.658828896518868,38.66192513041142,128.9246276020711,-0.9718981152449757,10.14872057986187,2.095219209124284,0.2932991556789178,-2.036048785628481,4.92369002411003,-42.06516753069047,132.8219703286946,-41.09691773188768,7.658828896518868,-20.4483082271441,1520.437941280927,137.7704339780323,-19.45838056735387,-5.47440008813751,137.7704339780323,137.7709381377912,-5.474331486535402,19.4548299538384, 2095.734879,-10.78165492, 13.55483334,-10.78165492, 1505.011878, 3.979907608, 13.55483334, 3.979907608, 3150.439301,77.08075536,2480,45.48951612903226,4.22741935483871,35.42701612903226,42.095655400306,42.095655401983,-4.044312820750821,-3.859602832773492,14.78639538884474,0.9906596833724397,-0.0306422313584579,-0.03791221188109001,0.127346415686016,-0.6736846542262352,0.1117144474987254,0.7273190873206254,-0.06837992467987225,-0.6736624795634522,0.1114789577079561,0.7273552189605853,-0.06859803982307633,3.3001557570927,-17.165941688147,0.0014747093226778,0.0014846481012485,0.00020199935474164,20925683.97908665,13623.98466931301,538.5965259020186,20925688.4140073,73.77464087396766,538.5965259020186,0.037101283643705,42.095655401983,-3.2706509777083e-09,0.261071284,19.6969697,19.6969697,0.998115602,-3.00546409,543.624612,-172.213092,-3.00546409,3.01664993,0,1,0.523,0,0.0705865747,0.174,0.348,0,-0.354388431,-0.885971077,-0.911620929,0,0,0.346680469,-1,20.4439838,0,14.7874846,-14.7874846,0,-14.7874846,-0.258041606,-0.15041691,-0.0798303349,0,0,0,-42.0956554,-53.7162439,-6.42333707,13.0314929,0,0,0,-0,0,0,0.002,0,0,0,0,0,0,0,0,0,0,0,-825,-1.5,1.29951,30.2052,0,0,-0,-0,0,130,130,0.00147564462533446208,0.000201199959245157287,20925688.6349357665,29.6230034182060287
9.119996399,14.91317182216246,1.03149792019514,-54.03659647988639,-77.28873219996845,23.36061111905834,17.69010190863584,14.91733503310319,1.031354238989231,-54.03691793568218,22.99182648,4333156.612,139.166496597,1527.30538411,138.7055017989303,-8.900062740058384,6.99188307418112,9.298977594712238,133.9671725282748,-2.252208507014743,6.782743429011582,1.706089740488266,1.525226579490284,-1.486424875543396,-0.1460572969048848,-39.02095304105539,138.7055017989303,-8.900062740058384,6.99188307418112,-18.45609419550669,1520.947920445748,137.9801877109209,-17.43930951282985,-4.965083883260678,137.9801877109208,137.9806673045267,-4.965023442426175,17.43553175004159, 2095.734879,-10.78165492, 13.55483334,-10.78165492, 1505.011878, 3.979907608, 13.55483334, 3.979907608, 3150.439301,77.08075536,2480,45.48951612903226,4.22741935483871,35.42701612903226,37.685575209558,37.685575209451,2.643456385212115,-4.499635124522499,1.765234419119869,0.9988308264797291,0.0236504946243292,-0.03888649157802779,0.01629340205720605,-0.6787730089744684,-0.005203133199004627,0.7337862779884473,-0.02824584798728369,-0.678763579130553,-0.005447131749460893,0.7337845072737156,-0.02847155223474852,2.8857297823389,-3.6667178332618,0.0015652959315826,0.0015758452193116,0.00019857454884255,20925679.32732112,13988.9527447743,571.6806424881732,20925684.00304787,72.52381057482307,571.6806424881732,0.038104021039481,37.685575209451,0,0.0338091527,19.6969697,19.6969697,0.998274726,-3.015406,576.261448,-172.782764,-3.015406,-3.04921515,0,1,-0.523,0,-0.0461370176,-0.174,0.348,0,-0.460823073,-1.15205768,-1.22312448,0,0,0.205553906,-1,17.0686827,0,1.76536445,-1.76536445,0,-1.76536445,-0.0308056096,-0.150114749,-0.196251766,0,0,0,-37.6855752,-52.3932865,-6.26744967,11.1680821,0,0,0,-0,0,0,0.002,0,0,0,0,0,0,0,0,0,0,0,-825,-1.5,1.29951,30.2049,0,0,-0,-0,0,130,130,0.00156603999114666927,0.00019766582522862152,20925684.263310235,14.9173350331031855
9.359996304,-4.104861410400404,5.878867959568272,-45.78956075089508,-77.34526904346232,14.71115567713869,51.60658999237785,-4.100756767969487,5.879601387841777,-45.78982588658946,23.02685189,4336616.636,139.264326433,1527.4632719,137.4944130270626,20.90718849835276,7.261437344470412,-17.4322340262346,107.9911143178947,6.990371000587757,8.579718352810779,-0.6909845208300766,0.327029935566602,-1.546602088999443,-4.133487444391022,-40.5457345496463,137.4944130270626,20.90718849835276,7.261437344470412,-16.79206468221373,1521.097870437525,138.2871725990042,-15.74864435764027,-4.815673612234495,138.2871725990044,138.2876308109501,-4.815619905481989,15.74463675319663, 2095.734879,-10.78165492, 13.55483334,-10.78165492, 1505.011878, 3.979907608, 13.55483334, 3.979907608, 3150.439301,77.08075536,2480,45.48951612903226,4.22741935483871,35.42701612903226,33.695658970624,33.695658972086,4.940187229179326,-2.801654419252606,349.6095689357222,0.9947646775411455,0.04069646841353286,-0.02822488731698165,-0.08938897868904812,-0.6834363740144354,-0.09198603616025221,0.7233726452857437,0.03442830053650061,-0.6834480835910217,-0.09223289679437302,0.7233412110097753,0.03419506162577474,3.023130458267,8.6342252769395,0.0016560894725449,0.0016672506640812,0.00019539260492218,20925675.08923827,14354.00964880743,604.840333413794,20925680.01219716,71.36168077499497,604.840333413794,0.039106758435257,33.695658972086,0,6.10483807,19.6969697,19.6969697,0.998418707,-3.02415126,609.034577,-173.283867,-3.02415126,-2.84580402,0,1,-0.523,0,-0.0862225328,-0.174,0.348,0,-0.129640054,-0.324100134,-0.406990804,0,0,0.0843691406,-1,4.16344079,0,349.635322,-349.635322,360,10.3646783,0.180863637,-0.138953262,-0.225175795,0,0,0,-33.695659,-50.7975375,-6.07858794,9.66604882,0,0,0,-0,0,0,0.002,0,0,0,0,0,0,0,0,0,0,0,-825,-1.5,1.29951,30.2058,0,-0,-0,-0,0,130,130,0.00165661234038280182,0.000194381103543944748,20925680.2944171429,-4.10075676796948674
9.599996209,-20.76427896061156,6.520526374374022,-30.92325843516135,-56.37850758302732,-12.46593011389552,71.34349192437469,-20.76034583615293,6.5219328966279,-30.92335079639068,22.87585134,4322512.703,138.799959802,1526.81118481,131.9709724155515,41.89873348443552,9.674058766229081,-23.94130771135654,61.83522819872963,11.70412275522552,18.6148064312689,-4.805877761421531,-1.786052484853713,-0.5174133956450334,-7.175771754992595,-50.56006014007528,131.9709724155515,41.89873348443552,9.674058766229081,-13.61905201689349,1520.489531542421,138.124943279491,-12.54952548373202,-5.425706874594163,138.124943279491,138.1253284262357,-5.425664802872956,12.54530388272257, 2095.734879,-10.78165492, 13.55483334,-10.78165492, 1505.011878, 3.979907608, 13.55483334, 3.979907608, 3150.439301,77.08075536,2480,45.48951612903226,4.22741935483871,35.42701612903226,30.251119464636,30.251119463823,2.301954402396088,-0.5195245589725728,340.2899780367192,0.9850506988662882,0.01901457431741103,-0.007903855502409135,-0.1710295170277983,-0.6909365632889114,-0.1343842923669563,0.7021352778738421,0.107487576214942,-0.6909741439130596,-0.1346300464900547,0.7020881974880583,0.1072457270648549,4.1925364058899,17.569603443629,0.0017469368044303,0.001758710262223,0.00019208139127428,20925671.39014317,14719.01958067493,638.019673946617,20925676.56666978,70.1523411053131,638.019673946617,0.040109495831033,30.251119463823,-6.5413019553988e-09,5.94218053,19.6969697,19.6969697,0.998543021,-3.03207931,641.863892,-173.738144,-3.03207931,-2.69107453,0,1,-0.523,0,-0.0401766836,-0.174,0.348,0,0.167851462,0.419628655,0.353908517,0,0,-0.0291457031,-1,-11.6997266,0,340.315044,-340.315044,360,19.6849557,0.343502477,-0.119113679,-0.159290362,0,0,0,-30.2511195,-48.997438,-5.86487028,6.6804336,0,0,0,-0,0,0,0.002,0,0,0,0,0,0,0,0,0,0,0,-825,-1.5,1.29951,30.2072,0,-0,-0,-0,0,130,130,0.0017472482157861039,0.000190975963204497085,20925676.8443446234,-20.7603458361529256
9.839996114,-29.64134590283001,1.627928782240122,-13.47019367981111,-9.821395887168142,-23.52413743586239,69.40500586218744,-29.6375656927597,1.62970126449764,-13.47003676605902,22.51793482,4288659.139,137.705046183,1524.83621786,127.2971197447617,51.19258051802804,11.72359794304189,-11.96167660795112,13.67116793777692,3.14291435564898,26.10320140247246,-10.9066113705072,-4.967879110173729,0.7143773157939672,-8.010808051210862,-58.97073975754545,127.2971197447617,51.19258051802804,11.72359794304189,-8.0964281182434,1518.617657818398,137.3329841084293,-7.001745038356491,-7.301149664869821,137.3329841084293,137.3332100981518,-7.301126693035711,6.997335013145985, 2095.734879,-10.78165492, 13.55483334,-10.78165492, 1505.011878, 3.979907608, 13.55483334, 3.979907608, 3150.439301,77.08075536,2480,45.48951612903226,4.22741935483871,35.42701612903226,27.870275545865,27.870275543576,-3.898059627751773,0.5485013030413273,334.7983092888286,0.9753732971818838,-0.03214723623262039,0.01208811448209575,-0.2178700618153218,0.6982299544247752,0.1313298406970159,-0.6811565411858694,-0.1767856614269819,-0.6982933352168114,-0.1315742120771634,0.6811093798899515,0.1765351447558842,5.2618880487603,21.823911870334,0.0018374857233005,0.0018498694357677,0.0001879798369642,20925668.74853508,15083.74150492488,671.0900507008208,20925674.18478941,68.6543556098859,671.0900507008208,0.041112233226809,27.870275543576,3.2706509776961e-09,5.84633283,19.6969697,19.6969697,0.998628954,-3.03964458,674.59177,-174.171634,-3.03964458,-2.6027921,0,1,-0.523,0,0.0680339749,0.174,0.348,0,0.686622699,1.71655675,1.69327114,0,0,-0.128854688,-1,-24.4165364,0,334.822971,-334.822971,360,25.177029,0.439339156,-0.0939046624,-0.0258706875,0,0,0,-27.8702755,-47.0877704,-5.63740896,1.35992605,0,0,0,-0,0,0,0.002,0,0,0,0,0,0,0,0,0,0,0,-825,-1.5,1.29952,30.2081,0,-0,-0,-0,0,130,130,0.00183764668491487814,0.000186787823405568337,20925674.4294982255,-29.6375656927596971
10.07999602,-28.77602438099948,-2.509702124590734,2.072280100629528,13.69367656181101,-8.156556630799749,59.18127113841104,-28.77228984610915,-2.507866735894996,2.07265546837315,22.01851548,4240870.813,136.167557796,1521.37325743,126.0950548486075,50.1200538999228,11.38512783753298,2.54064656723979,-23.86352833670664,-4.927440759313974,21.42134883790851,-16.1703645167405,-7.970830243379007,0.374394760037112,-7.436752484451644,-56.07045107637114,126.0950548486075,50.1200538999228,11.38512783753298,-2.124010251258878,1515.30335605691,135.7490925205632,-1.00534237504573,-10.61964983575076,135.7490925205633,135.7491264883682,-10.61964663939523,1.000779186863383, 2095.734879,-10.78165492, 13.55483334,-10.78165492, 1505.011878, 3.979907608, 13.55483334, 3.979907608, 3150.439301,77.08075536,2480,45.48951612903226,4.22741935483871,35.42701612903226,26.934764675796,26.934764680131,-11.04629885301154,0.2591308005277322,333.361122911725,0.9686307088963036,-0.09314013498556692,0.02436382469192257,-0.2290979464864233,0.7021422251760855,0.09614160990631952,-0.6677092528551173,-0.2278539886002819,-0.702225919210391,-0.09638700154881873,0.6676738735611465,0.2275959201862011,5.1592488050428,21.597027925524,0.0019272517669279,0.0019402404571274,0.00018216143219861,20925667.54632273,15447.83737734563,703.8745453835099,20925673.24820106,66.52934371466108,703.8745453835099,0.042114970622584,26.934764680131,0,5.82124919,19.6969697,19.6969697,0.998662722,-3.04735387,707.010774,-174.613377,-3.04735387,-2.58541776,0,1,-0.523,0,0.192794285,0.174,0.348,0,0.680705857,1.70176464,1.71312708,0,0,-0.130388672,-1,-30.3087411,0,333.385679,-333.385679,360,26.6143212,0.464419906,-0.0670072377,0.125787047,0,0,0,-26.9347647,-45.2023,-5.41210087,-4.41132168,0,0,0,-0,0,0,0.002,0,0,0,0,0,0,0,0,0,0,0,-825,-1.5,1.29952,30.2078,0,-0,-0,-0,0,130,130,0.00192735434029779086,0.000180900547055795147,20925673.4450709634,-28.7722898461091461
10.31999592,-24.17675585684185,-2.572216309414096,14.89933735570081,30.13936958247953,8.329345765320046,43.2463500564443,-24.17295574426733,-2.570562507672466,14.89986687215464,21.48898863,4189554.222,134.520820123,1516.99849934,127.7421011608678,40.98030620018201,9.920742983415506,10.41918925353941,-52.87139885544218,-6.697893893313598,12.65719316467671,-18.10872614132404,-9.056876993210645,-0.6209078701589755,-5.80817561983031,-48.85677146924467,127.7421011608678,40.98030620018201,9.920742983415506,1.974130667808614,1511.097054507739,133.6646611934387,3.115929385379054,-14.82903836078425,133.6646611934388,133.6645507474019,-14.82904781389451,-3.120618692744609, 2095.734879,-10.78165492, 13.55483334,-10.78165492, 1505.011878, 3.979907608, 13.55483334, 3.979907608, 3150.439301,77.08075536,2480,45.48951612903226,4.22741935483871,35.42701612903226,27.231745552272,27.231745555391,-17.51636777273962,0.1108633356174638,335.4416574893561,0.9657603535229483,-0.1485777682738256,0.03331718757202268,-0.2100513064712771,0.7064432121997919,0.0434738468539532,-0.6593493307000188,-0.2535872092239602,-0.7065385802042241,-0.04372193911165095,0.6593329259904745,0.2533213757821399,4.4408071166919,17.736454691143,0.002015786439777,0.0020293718081488,0.00017382525837912,20925667.57092572,15811.01459963092,736.2093569441145,20925673.54407128,63.48479140136078,736.2093569441145,0.04311770801836,27.231745555391,-3.2706509776891e-09,5.85756137,19.6969697,19.6969697,0.998652002,-3.05557346,738.940529,-175.084359,-3.05557346,-2.62994953,0,1,-0.523,0,0.305718291,0.174,0.348,0,0.605826932,1.51456733,1.54045523,0,0,-0.138058594,-1,-32.8876484,0,335.466367,-335.466367,360,24.5336334,0.428111903,-0.0417661126,0.263952178,0,0,0,-27.2317456,-43.4704828,-5.20462017,-8.32523886,0,0,0,-0,0,0,0.002,0,0,0,0,0,0,0,0,0,0,0,-825,-1.5,1.29953,30.206,0,-0,-0,-0,0,130,130,0.00201591541806131697,0.000172522956700400554,20925673.6957615502,-24.172955744267334
10.55999583,-15.096379113931,0.4498463695746511,22.63259226635702,44.52829292583957,15.37967532338303,19.09784988861875,-15.09245899051882,0.4511444385066599,22.63322783927615,21.00680272,4142243.341,133.00504316,1512.57665048,130.1162363763478,26.23351630974895,8.479926850911333,8.228664049090922,-69.0050199295532,-4.645428562064676,5.64450080645738,-17.06606410439325,-8.629446473235358,-1.293577393825486,-3.177515418459032,-42.25147992068504,130.1162363763478,26.23351630974895,8.479926850911333,4.097135574493028,1506.842045585324,131.5233314423047,5.261805730045612,-19.08581129774655,131.5233314423047,131.5231369302552,-19.08582623638154,-5.266611340917311, 2095.734879,-10.78165492, 13.55483334,-10.78165492, 1505.011878, 3.979907608, 13.55483334, 3.979907608, 3150.439301,77.08075536,2480,45.48951612903226,4.22741935483871,35.42701612903226,28.272091388702,28.272091390516,-22.34170125331508,1.382135394764917,339.8066383673519,0.9661999807918051,-0.1886467064719644,0.0456105539271844,-0.1696752622678133,0.715446423497615,-0.01340923170751531,-0.6509682634744165,-0.2533711261343491,-0.7155439243080445,0.01315859262760859,0.6509733780931013,0.2530956436605744,3.7288035464122,11.375432894076,0.0021029124354342,0.0021170849876913,0.00016266756839387,20925668.33335547,16173.16192272951,768.0297169342655,20925674.58327767,59.40976159849743,768.0297169342655,0.044120445414136,28.272091390516,6.5413019553709e-09,5.93374466,19.6969697,19.6969697,0.998614451,-3.06439292,770.323018,-175.589714,-3.06439292,-2.71495227,0,1,-0.523,0,0.389936247,0.174,0.348,0,0.452766851,1.13191713,1.17624458,0,0,-0.133456641,-1,-30.5398512,0,339.831669,-339.831669,360,20.168331,0.351937376,-0.0206209536,0.369315294,0,0,0,-28.2720914,-41.9714519,-5.02470802,-10.2913194,0,0,0,-0,0,0,0.002,0,0,0,0,0,0,0,0,0,0,0,-825,-1.5,1.29953,30.2028,0,-0,-0,-0,0,130,130,0.00210312468235436621,0.000161354913311621725,20925674.7061793581,-15.092458990518816
10.79999574,-3.751064902641072,3.841210781998595,24.67891817551408,49.14284142941958,10.95281877677547,-3.302993364516168,-3.747041904458952,3.842080780876847,24.67963573459388,20.60232473,4102117.751,131.721024338,1508.53049685,131.1695517842404,9.191136998268142,7.778170608685354,0.1391636044513427,-70.92944237534992,-0.7733322618820004,3.135483780700675,-15.37479572546486,-7.821210047489581,-0.9732512024552534,-0.6464548384440261,-39.29242588616739,131.1695517842404,9.191136998268142,7.778170608685354,5.054697323216149,1502.948876414637,129.5507037616984,6.242303719336842,-22.97992714830703,129.5507037616984,129.5504636069701,-22.97994336241681,-6.247226176193645, 2095.734879,-10.78165492, 13.55483334,-10.78165492, 1505.011878, 3.979907608, 13.55483334, 3.979907608, 3150.439301,77.08075536,2480,45.48951612903226,4.22741935483871,35.42701612903226,29.665436025709,29.665436031193,-24.50324804754455,4.155193542907721,344.888045698892,0.9691145088189318,-0.2055659763771145,0.06300523162689112,-0.1207892335450726,0.7298068469813435,-0.05994094025454959,-0.6407301255056083,-0.2307681868241767,-0.7298976609223754,0.05968863271454401,0.6407536790169059,0.230480789939234,3.3935855091338,4.0011959823285,0.002188681919466,0.0022034325131062,0.00014882398271713,20925669.44326193,16534.32860812737,799.3546657665474,20925675.97545499,54.35378427849719,799.3546657665474,0.045123182809912,29.665436031193,3.2706509776817e-09,6.02243195,19.6969697,19.6969697,0.99856416,-3.07370008,801.199341,-176.123015,-3.07370008,-2.81294672,0,1,-0.523,0,0.427662356,0.174,0.348,0,0.256588959,0.641472398,0.692506286,0,0,-0.148796484,-1,-23.7020176,0,344.913451,-344.913451,360,15.0865494,0.263260286,-0.00462635714,0.423035999,0,0,0,-29.665436,-40.7333564,-4.87591903,-11.1231452,0,0,0,-0,0,0,0.002,0,0,0,0,0,0,0,0,0,0,0,-825,-1.5,1.29953,30.1987,0,-0,-0,-0,0,130,130,0.00218899546827086783,0.000147528942417952773,20925676.0949224196,-3.74704190445895202
11.03999564,7.897062153510896,5.514633693974769,21.82562184715889,46.62987578007524,3.937445364710218,-21.17663464467113,7.901136490587741,5.515106339498923,21.82641726343181,20.25484492,4067317.059,130.608545488,1504.9172254,130.184567146175,-6.819911755882742,8.003713835469249,-8.269896831604896,-59.86524976369474,2.876624606890726,4.36035323616364,-13.42969612911941,-8.083773224398882,-0.6898696579781828,1.376259690444139,-39.73890351776808,130.184567146175,-6.819911755882742,8.003713835469249,5.891681933222583,1499.477480600667,127.7044579227235,7.102363315291258,-26.45222139170905,127.7044579227236,127.7041741379117,-26.45223782333777,-7.10740293261643, 2095.734879,-10.78165492, 13.55483334,-10.78165492, 1505.011878, 3.979907608, 13.55483334, 3.979907608, 3150.439301,77.08075536,2480,45.48951612903226,4.22741935483871,35.42701612903226,31.261955540627,31.261955545514,-23.63157513292694,7.54179783496543,349.6329890208738,0.9739143217834655,-0.1976709755128881,0.08256999199456765,-0.07482830805819994,0.7470348578787498,-0.0868583058815503,-0.6302906397431973,-0.1926869618463437,-0.747112358597237,0.08660459137100254,0.6303255512843848,0.1923862463451368,3.5181017789289,-2.9931421785984,0.0022732102730808,0.0022885305432949,0.0001325568673545,20925670.75079517,16894.61037467452,830.226338735759,20925677.57077893,48.41268047368794,830.226338735759,0.046125920205688,31.261955545514,0,6.10524683,19.6969697,19.6969697,0.998506539,-3.08334598,831.635426,-176.675725,-3.08334598,-2.90540751,0,1,-0.523,0,0.412448794,0.174,0.348,0,0.0526060641,0.13151516,0.181501467,0,0,-0.0966410156,-1,-13.9892629,0,349.658743,-349.658743,360,10.3412565,0.180454926,0.00635480993,0.418803603,0,0,0,-31.2619555,-39.7557163,-4.75825755,-11.8656605,0,0,0,-0,0,0,0.002,0,0,0,0,0,0,0,0,0,0,0,-825,-1.5,1.29953,30.194,0,0,-0,-0,0,130,130,0.00227361059015289283,0.000131299547703975006,20925677.7114931941,7.90113649058774037
11.27999555,18.22427966427289,5.544808506079527,15.35247093488638,37.50729630942173,-5.155538910886698,-32.40931466718015,18.22836018795219,5.545000051901194,15.35334782721464,19.8411386,4025495.392,129.271350706,1501.82536645,127.5474243497212,-19.00425056409166,9.031894356253304,-12.51087376904546,-39.18089418423054,5.27685346826221,8.1766946950491,-10.85378294182222,-9.504728359130407,-0.6764769742988855,2.897290247587898,-42.76521893758862,127.5474243497212,-19.00425056409166,9.031894356253304,7.358329829828687,1496.546521218007,125.5937742523325,8.5923527255349,-29.38464662212719,125.5937742523325,125.5934183801601,-29.38466374462938,-8.5974943800082, 2095.734879,-10.78165492, 13.55483334,-10.78165492, 1505.011878, 3.979907608, 13.55483334, 3.979907608, 3150.439301,77.08075536,2480,45.48951612903226,4.22741935483871,35.42701612903226,33.127945717424,33.127945716463,-19.96595676181949,10.53634042510021,353.4104593066087,0.9799928830563409,-0.1671408711634043,0.1001989268616225,-0.04047287241398122,0.7637982206698285,-0.08956414174430348,-0.6221241744012835,-0.1468061791639969,-0.7638585338004319,0.08930826998003508,0.6221609572884219,0.1464920355493159,4.0504703740192,-8.4537222664818,0.0023564542922896,0.0023723355830301,0.00011417716248441,20925672.32220571,17254.1208494132,860.6289603165717,20925679.43554697,41.70001213556679,860.6289603165717,0.047128657601463,33.127945716463,3.270650977674e-09,6.17117613,19.6969697,19.6969697,0.998439195,-3.09317757,861.637239,-177.239075,-3.09317757,-2.98116839,0,1,-0.523,0,0.348471684,0.174,0.348,0,-0.130619896,-0.32654974,-0.284501494,0,0,-0.119650781,-1,-3.28261425,0,353.436492,-353.436492,360,6.56350799,0.114533214,0.0131383708,0.361610055,0,0,0,-33.1279457,-39.0348749,-4.67125353,-13.2687479,0,0,0,-0,0,0,0.002,0,0,0,0,0,0,0,0,0,0,0,-825,-1.5,1.29953,30.1888,0,0,-0,-0,0,130,130,0.00235690680391795367,0.000112971243219401812,20925679.6156861,18.228360187952191
11.51999545,25.57066849763848,3.408554222041828,7.0416292062541,21.28456649196535,-11.98409182372397,-35.89417030675487,25.57473719145789,3.408631501639829,7.042575811727413,19.33776272,3974016.789,127.62536496,1499.47487135,124.5995759751534,-25.68931818830162,10.16062886324679,-10.9716934801888,-14.80724601411018,3.342618074981861,12.08047253256363,-6.950520253276495,-10.61543151816534,-0.2883341358499324,3.679240315545868,-45.90878097473788,124.5995759751534,-25.68931818830162,10.16062886324679,9.825737629422514,1494.375740233912,123.1644904077604,11.08359249146672,-31.55782091881949,123.1644904077603,123.1640154596687,-31.55783912239789,-11.08881719751091, 2095.734879,-10.78165492, 13.55483334,-10.78165492, 1505.011878, 3.979907608, 13.55483334, 3.979907608, 3150.439301,77.08075536,2480,45.48951612903226,4.22741935483871,35.42701612903226,35.471148286015,35.47114828507,-14.23616059615062,12.4557872003459,355.7766214379167,0.9862620762420472,-0.1191331056679617,0.1121131408819991,-0.02291426940152165,0.7766554061119352,-0.06803433242204003,-0.6181333324956929,-0.1004434817534792,-0.7766975264408483,0.06777469456851323,0.6181618541340838,0.1001172577047736,4.6619408932528,-11.612225416813,0.0024382026178135,0.0024546348483966,9.410221943563e-05,20925674.36515203,17613.01264666063,890.4853473310779,20925681.77750522,34.36820504412754,890.4853473310779,0.048131394997239,35.47114828507,3.27065097767e-09,6.21247345,19.6969697,19.6969697,0.998354634,-3.10301689,891.146799,-177.802868,-3.10301689,-3.03230502,0,1,-0.523,0,0.248467875,0.174,0.348,0,-0.264310633,-0.660776583,-0.634122191,0,0,-0.128854688,-1,6.49298239,0,355.802828,-355.802828,360,4.19717156,0.0732406437,0.0169568232,0.265424698,0,0,0,-35.4711483,-38.5813668,-4.61607877,-15.704896,0,0,0,-0,0,0,0.002,0,0,0,0,0,0,0,0,0,0,0,-825,-1.5,1.29954,30.1828,0,0,-0,-0,0,130,130,0.00243866793740089936,9.29574561092092372e-05,20925682.0061971992,25.574737191457892
11.75999536,28.4898446820804,0.5664923762277525,-1.325068878924393,1.324939237630402,-10.12341460379495,-32.55300026919927,28.49390607676066,0.5666263520846411,-1.324097577130175,18.76209476,3914308.276,125.716938434,1498.23059271,122.4053104239776,-26.65992243538636,10.53266941469273,-6.874254333135835,7.568589889029205,-0.6636388437817367,12.76565810156194,-1.803375268519306,-10.71384020242988,-0.1101282446506598,3.603256599813529,-46.1162143066048,122.4053104239776,-26.65992243538636,10.53266941469273,12.89042343980467,1493.314786961624,120.5806492161197,14.17295694748903,-32.62181685979557,120.5806492161197,120.5800219653993,-32.62183490421179,-14.17825093431839, 2095.734879,-10.78165492, 13.55483334,-10.78165492, 1505.011878, 3.979907608, 13.55483334, 3.979907608, 3150.439301,77.08075536,2480,45.48951612903226,4.22741935483871,35.42701612903226,38.499938163906,38.499938171398,-7.538782438037617,13.10538699384241,356.4287655478764,0.9910705835594199,-0.06173148895087035,0.1158498627138246,-0.02339083120129607,0.7826972997313156,-0.02710921343269222,-0.6188918408105979,-0.06019067135725719,-0.7827230361083586,0.02684384486163602,0.6189034077042347,0.05985506386633935,4.9180437321579,-12.243282051933,0.0025182901374839,0.0025352621142502,7.29466978666e-05,20925677.08785303,17971.51045684942,919.7352081849929,20925684.80503268,26.6417460430348,919.7352081849929,0.049134132393015,38.499938171398,-6.541301955332e-09,6.22385551,19.6969697,19.6969697,0.99824534,-3.11263399,920.119286,-178.353928,-3.11263399,-3.05330419,0,1,-0.523,0,0.131576575,0.174,0.348,0,-0.322208158,-0.805520394,-0.799459894,0,0,-0.07363125,-1,13.5397925,0,356.455021,-356.455021,360,3.54497941,0.0618598908,0.0192937412,0.150870316,0,0,0,-38.4999382,-38.4260185,-4.59632823,-18.7745792,0,0,0,-0,0,0,0.002,0,0,0,0,0,0,0,0,0,0,0,-825,-1.5,1.29954,30.1757,0,0,-0,-0,0,130,130,0.00251873706489250723,7.18685343095384915e-05,20925685.0821013674,28.4939060767606591
11.99999526,26.82338503307687,-1.085747732661197,-8.300207172064868,-15.67371685714738,-2.701263457557523,-24.24363959485918,26.82744296043136,-1.085421242205819,-8.299267526906977,18.15059581,3849857.579,123.658060287,1498.21385188,121.1183317787951,-22.83011385153085,10.02254871310177,-3.9823517429562,24.48449186074214,-3.54035318191838,9.882330906726111,2.850053262400222,-9.772726055710828,-0.2841509937605701,2.828323209981833,-43.20291899841616,121.1183317787951,-22.83011385153085,10.02254871310177,15.66542869474302,1493.469266213579,118.1054239673618,16.97365948887047,-32.47028775826017,118.1054239673619,118.1046493982623,-32.47030301435464,-16.97901901548456, 2095.734879,-10.78165492, 13.55483334,-10.78165492, 1505.011878, 3.979907608, 13.55483334, 3.979907608, 3150.439301,77.08075536,2480,45.48951612903226,4.22741935483871,35.42701612903226,42.252899892628,42.252899895227,-1.061529612176691,12.95688950084931,355.2793980439345,0.992771843966086,-0.004550002586729384,0.1131079175191961,-0.03987433133118617,0.7819609022440309,0.0249790685608415,-0.6220341555340904,-0.03141182650730726,-0.7819745709119958,-0.02525122272958689,0.622023166986437,0.03106969471726573,4.730451229564,-10.639149404102,0.0025967014838823,0.002614201909523,5.1498062418736e-05,20925680.52866438,18329.90194818543,948.3729347168106,20925688.55671601,18.808233775806,948.3729347168106,0.050136869788791,42.252899895227,0,6.20379526,19.6969697,19.6969697,0.998109928,-3.12176315,948.557492,-178.877028,-3.12176315,-3.0423731,0,1,-0.523,0,0.0185271868,0.174,0.348,0,-0.299216771,-0.748041928,-0.760981265,0,0,-0.00153398437,-1,17.1060204,0,355.305568,-355.305568,360,4.69443158,0.0819178311,0.0217417075,0.0402688944,0,0,0,-42.2528999,-38.6092683,-4.61679866,-21.5958177,0,0,0,-0,0,0,0.002,0,0,0,0,0,0,0,0,0,0,0,-825,-1.5,1.29954,30.1676,0,0,-0,-0,0,130,130,0.00259710872557800771,5.04837053884891129e-05,20925688.8753638715,26.8274429604313553
12.23999517,21.80906904301386,-0.9704099101098566,-12.9421532998818,-25.71833475561262,3.582754907088945,-13.28705299610162,21.81311045289427,-0.9698086485342935,-12.94128049168364,17.5419903,3784610.697,121.574892501,1499.13032198,120.2161492965352,-15.68597523273015,9.081966521744715,-3.857319531419449,34.6300034696045,-4.030485610241325,5.672815019934838,5.730979151456517,-8.392905074376493,-0.4641903428797603,1.679338395918847,-39.17655683353927,120.2161492965352,-15.68597523273015,9.081966521744715,17.53254144400684,1494.538727491756,115.9237866239043,18.8673031703992,-31.40310577701656,115.9237866239044,115.9229001636452,-31.40311581185717,-18.87273222263791, 2095.734879,-10.78165492, 13.55483334,-10.78165492, 1505.011878, 3.979907608, 13.55483334, 3.979907608, 3150.439301,77.08075536,2480,45.48951612903226,4.22741935483871,35.42701612903226,46.575428105891,46.575428108264,4.290570338971162,12.7644140292714,352.6530964858937,0.9907989245915673,0.0442421530608189,0.1084706775024321,-0.06778078667956217,0.7772863396590203,0.0792127371889968,-0.6239185232250537,-0.01664226015832285,-0.7772936893175754,-0.07949116994173031,0.6238831102519123,0.01629537329329577,4.3203161612668,-7.4131473784741,0.0026735769406729,0.0026915954634031,3.0473579857588e-05,20925684.53275242,18688.44898131383,976.4497570703282,20925692.87794971,11.12962906536632,976.4497570703282,0.051139607184567,46.575428108264,0,6.15795765,19.6969697,19.6969697,0.997953984,-3.13019509,976.510995,-179.360179,-3.13019509,-3.00496743,0,1,-0.523,0,-0.0748845792,-0.174,0.348,0,-0.563422133,-1.40855533,-1.43363327,0,0,-0.125786719,-1,17.5838358,0,352.679073,-352.679073,360,7.3209266,0.127750169,0.0257199552,-0.049164624,0,0,0,-46.5754281,-39.1615081,-4.68114134,-23.5538736,0,0,0,-0,0,0,0.002,0,0,0,0,0,0,0,0,0,0,0,-825,-1.5,1.29954,30.1584,0,0,-0,-0,0,130,130,0.00267392935198816021,2.95111976085233074e-05,20925693.2286941633,21.8131104528942714
12.47999507,15.15319538651494,0.1661172219804541,-14.87361243234658,-29.06332164483863,5.199414414146603,-1.976167475181642,15.15719401563643,0.1670214853654801,-14.8728064693612,16.96287711,3721454.697,119.559429598,1500.54299394,119.0765051890272,-6.875789057117089,8.244188408212516,-5.844105661160775,37.93901012697359,-2.663800841057601,2.169911568464236,6.943873320155975,-7.160645879710079,-0.3747035090640388,0.475586495400448,-35.78698917555017,119.0765051890272,-6.875789057117089,8.244188408212516,18.44716476736344,1496.087657139867,114.0644595245756,19.80895499889901,-29.8556792071216,114.0644595245755,114.0635025265321,-29.855682778605,-19.81445944010548, 2095.734879,-10.78165492, 13.55483334,-10.78165492, 1505.011878, 3.979907608, 13.55483334, 3.979907608, 3150.439301,77.08075536,2480,45.48951612903226,4.22741935483871,35.42701612903226,51.234732914716,51.23473291019,8.042395148188474,13.02174723000545,349.2039386493532,0.9859610100302013,0.08000523074670984,0.1060565414533782,-0.1011536443650876,0.7721579896935561,0.1280990862955918,-0.622205054582775,-0.01495102318527207,-0.7721647128866853,-0.12838219361919,0.62214670152597,0.0145996683011301,3.9605179164251,-3.2968639504934,0.0027491265981462,0.0027676542822518,1.0330224532504e-05,20925688.86716601,19047.31827076455,1004.042395685267,20925697.5359426,3.772828572760773,1004.042395685267,0.052142344580342,51.23473291019,-3.2706509776537e-09,6.09775849,19.6969697,19.6969697,0.997785912,-3.13783503,1004.04701,-179.797947,-3.13783503,-2.95240822,0,1,-0.523,0,-0.140366275,-0.174,0.348,0,-0.448595025,-1.12148756,-1.15162534,0,0,-0.204019922,-1,15.8105209,0,349.229661,-349.229661,360,10.7703385,0.187942407,0.0321439288,-0.108222346,0,0,0,-51.2347329,-40.0906382,-4.79033625,-24.6047957,0,0,0,-0,0,0,0.002,0,0,0,0,0,0,0,0,0,0,0,-825,-1.5,1.29954,30.1482,0,0,-0,-0,0,130,130,0.0027494135196273646,9.4030773258554148e-06,20925697.9093484133,15.1571940156364278
12.71999498,8.272425487648126,1.228706589303975,-14.22223003405071,-27.45859710145884,3.990312010366742,7.783939891880224,8.276356964375038,1.22989566474575,-14.22146459705525,16.4214114,3661414.171,117.644009027,1502.12687855,117.367154320318,2.028140223154523,7.807086133373803,-8.518117398854853,35.15332243341779,-0.8473918113965659,0.125674610254201,7.20965359544852,-6.554354209210505,-0.2193419230661313,-0.5662096328735512,-33.76152868203965,117.367154320318,2.028140223154523,7.807086133373803,18.69414519727428,1497.79546823901,112.4474255671625,20.08319458779533,-28.14879461671918,112.4474255671625,112.4464290568737,-28.14879155628076,-20.08877761802768, 2095.734879,-10.78165492, 13.55483334,-10.78165492, 1505.011878, 3.979907608, 13.55483334, 3.979907608, 3150.439301,77.08075536,2480,45.48951612903226,4.22741935483871,35.42701612903226,56.032800350338,56.032800348202,10.09106231147722,13.75171746399094,345.6350862325047,0.9798840924975426,0.1015400172732161,0.1074019271890153,-0.1340955487647069,0.7688120117889427,0.1666200306168769,-0.6169571396711963,-0.02301616247348395,-0.7688226035039578,-0.166906144039891,0.6168797985635192,0.02265960165941421,3.8056225421883,0.98780747820204,0.0028235411120868,0.0028425703069369,-8.7311899192587e-06,20925693.33380514,19406.58299192605,1031.220473576956,20925702.33267955,-3.188826172070549,1031.220473576956,0.053145081976118,56.032800348202,3.2706509776495e-09,6.03547027,19.6969697,19.6969697,0.997612859,3.13850038,1031.22262,179.836072,3.13850038,-2.89696989,0,1,-0.523,0,-0.176122262,-0.174,0.348,0,-0.328064459,-0.820161148,-0.849642286,0,0,-0.254641406,-1,12.6686652,0,345.660546,-345.660546,360,14.3394538,0.250223469,0.0412873696,-0.134834893,0,0,0,-56.0328003,-41.3827159,-4.94273801,-25.0315156,0,0,0,-0,0,0,0.002,0,0,0,0,0,0,0,0,0,0,0,-825,-1.5,1.29954,30.1375,0,-0,-0,-0,0,130,130,0.00282375848140371723,-9.64034417736987166e-06,20925702.7201782912,8.27635696437503832
12.95999488,2.171070236984169,2.079199469333275,-11.53874710526197,-22.53024934437431,2.183334407278091,14.68355978426184,2.17492458447977,2.080619907668324,-11.53798378110149,15.8763371,3599973.716,115.683217451,1503.73098481,115.0085636026961,9.713988519284531,7.827868478998903,-10.85227287677237,27.76455126301884,1.117780857878017,-0.5134797793888488,7.155883520463615,-6.971589352368203,-0.4619014366626064,-1.408990700612137,-33.19596249501063,115.0085636026961,9.713988519284531,7.827868478998903,18.61656395731939,1499.525588817745,110.830080379759,20.03298367067695,-26.41930445903606,110.830080379759,110.8290605301131,-26.41929513770223,-20.03863733571246, 2095.734879,-10.78165492, 13.55483334,-10.78165492, 1505.011878, 3.979907608, 13.55483334, 3.979907608, 3150.439301,77.08075536,2480,45.48951612903226,4.22741935483871,35.42701612903226,60.851082861423,60.851082859992,10.61599181438807,14.71378276007056,342.5124944950907,0.9742373313077844,0.1100637424695793,0.1120714132087586,-0.1618258113567423,0.7681207551189048,0.1922557368718912,-0.6096629613043347,-0.03659659559356216,-0.7681379623117,-0.1925437987447873,0.6095720468586561,0.03623363229244869,3.8937375490416,4.8168326361567,0.0028969075403734,0.0029164311821682,-2.665967948205e-05,20925697.81408438,19766.26166061336,1058.015780502328,20925707.1496134,-9.736714471553569,1058.015780502328,0.054147819371894,60.851082859992,0,5.98097076,19.6969697,19.6969697,0.997439101,3.13239011,1058.05749,179.485953,3.13239011,-2.84858065,0,1,-0.523,0,-0.185284011,-0.174,0.348,0,-0.219934335,-0.549835837,-0.574817309,0,0,-0.280719141,-1,9.04144671,0,342.537724,-342.537724,360,17.4622756,0.304716708,0.0528646648,-0.132419346,0,0,0,-60.8510829,-43.0100254,-5.13503098,-25.1736683,0,0,0,-0,0,0,0.002,0,0,0,0,0,0,0,0,0,0,0,-825,-1.5,1.29954,30.1263,0,-0,-0,-0,0,130,130,0.0028970596772526073,-2.75661861993259434e-05,20925707.543738246,2.17492458447976977
13.19999479,-2.490448573744078,2.170770947299306,-7.525022308212669,-15.46087579469428,-1.687328333723535,18.57386640553185,-2.486662846808208,2.17234749436263,-7.524222886935342,15.31415334,3535503.735,113.624559024,1505.28121942,112.291643452769,15.29417496342653,8.198502075629118,-11.41771920755572,17.75731267709767,1.789344765798656,-0.1635093386876534,6.825822493315099,-7.572873328223659,-0.4388320000869441,-1.99257281487368,-33.56221541233462,112.291643452769,15.29417496342653,8.198502075629118,18.52560162405683,1501.209007449055,109.0865141432836,19.96943722181686,-24.73649980354763,109.0865141432836,109.0854721667146,-24.7364846551266,-19.97514712064529, 2095.734879,-10.78165492, 13.55483334,-10.78165492, 1505.011878, 3.979907608, 13.55483334, 3.979907608, 3150.439301,77.08075536,2480,45.48951612903226,4.22741935483871,35.42701612903226,65.650942783803,65.650942785861,9.990867382251825,15.65681686078249,340.2193153911966,0.970213012506278,0.1082892212448396,0.1188557390998455,-0.1812000778385835,0.7700721761158859,0.2047009629127101,-0.602020666833638,-0.0515507134764923,-0.7700968972255232,-0.2049906793393898,0.6019220787578609,0.05118008764561717,4.1758010785397,7.7356478784828,0.0029691721103603,0.0029891827729411,-4.3463427362425e-05,20925702.26935012,20126.35125217789,1084.408675288352,20925711.94810938,-15.87382472135141,1084.408675288352,0.05515055676767,65.650942785861,0,5.94094723,19.6969697,19.6969697,0.997266031,3.12695547,1084.52143,179.174548,3.12695547,-2.81399176,0,1,-0.523,0,-0.174373531,-0.174,0.348,0,-0.136154999,-0.340387498,-0.358374046,0,0,-0.299126953,-1,5.70344472,0,340.244376,-340.244376,360,19.7556236,0.344735631,0.0661992218,-0.108174309,0,0,0,-65.6509428,-44.9401232,-5.36331117,-25.3384583,0,0,0,-0,0,0,0.002,0,0,0,0,0,0,0,0,0,0,0,-825,-1.5,1.29954,30.1147,0,-0,-0,-0,0,130,130,0.00296927131956675012,-4.43793480270739802e-05,20925712.3428888358,-2.48666284680820793
13.43999469,-5.326590114622133,1.4623578837505,-2.913769624801819,-7.474703571050272,-4.013438968811874,19.45380612780176,-5.322847666098105,1.464006336661295,-2.91291347907801,14.74063625,3468514.883,111.484456781,1506.71132197,109.6257871381492,18.37188205553492,8.569996959747712,-10.48730219982645,7.170976456822778,1.119903487713369,0.1285948671396397,6.205800161237842,-8.110849273389675,-0.3177998178929119,-2.261203253050446,-33.8303756928992,109.6257871381492,18.37188205553492,8.569996959747712,18.53182969757916,1502.778644212647,107.2003989866217,20.00305709721215,-23.16756930897474,107.2003989866218,107.1993302717646,-23.16754864288427,-20.00880763504158, 2095.734879,-10.78165492, 13.55483334,-10.78165492, 1505.011878, 3.979907608, 13.55483334, 3.979907608, 3150.439301,77.08075536,2480,45.48951612903226,4.22741935483871,35.42701612903226,70.447561524808,70.447561523936,8.696347233493279,16.31987787529496,338.9593598996764,0.9684700573116075,0.09962879988449852,0.1254463981940191,-0.1907958372307266,0.7734997881677719,0.2053626441619867,-0.5961285124885013,-0.06445974468966008,-0.773531282500982,-0.2056547403094245,0.5960278070754913,0.06408069891496312,4.470007005661,9.4852221220234,0.0030402431995774,0.00306073283929,-5.9194904464692e-05,20925706.71478463,20486.83261713608,1110.365695792266,20925716.74335257,-21.61932020133463,1110.365695792266,0.056153294163446,70.447561523936,3.2706509776366e-09,5.91895686,19.6969697,19.6969697,0.997093103,3.12212466,1110.57238,178.897743,3.12212466,-2.7968322,0,1,-0.523,0,-0.151779892,-0.174,0.348,0,-0.0838749664,-0.209687416,-0.219403374,0,0,-0.297592969,-1,3.28084335,0,338.984328,-338.984328,360,21.0156719,0.366723474,0.0804009005,-0.0713789916,0,0,0,-70.4475615,-47.1429687,-5.62394517,-25.6327528,0,0,0,-0,0,0,0.002,0,0,0,0,0,0,0,0,0,0,0,-825,-1.5,1.29954,30.1027,0,-0,-0,-0,0,130,130,0.00304030945870151703,-6.01284053133730446e-05,20925717.1345427819,-5.322847666098105
13.6799946,-6.272172125853409,0.4604641295469665,1.614276496559927,0.04022591216996818,-3.99668007961571,17.77116484518211,-6.268438970662937,0.462103280956863,1.615189205951678,14.16579851,3400059.971,109.296762745,1507.96137909,107.2773588124636,19.00556365999652,8.725776907960249,-8.917470893740498,-2.329062154321228,0.06202769954107268,-0.2517113568846092,5.391733462220218,-8.366142165078006,-0.2225830303140966,-2.220181319448888,-33.39166463111714,107.2773588124636,19.00556365999652,8.725776907960249,18.53242199899015,1504.172087809169,105.2159703155922,20.03094635903708,-21.77482778277598,105.2159703155921,105.2148755411031,-21.7748019291551,-20.03672409042931, 2095.734879,-10.78165492, 13.55483334,-10.78165492, 1505.011878, 3.979907608, 13.55483334, 3.979907608, 3150.439301,77.08075536,2480,45.48951612903226,4.22741935483871,35.42701612903226,75.254869438708,75.25486944364,7.231639970933763,16.58764595931984,338.7952135056608,0.9690375414854766,0.08782905526813077,0.1300222747316445,-0.190647602439945,0.777136391692089,0.1969143366079646,-0.593294745730514,-0.07269881315819154,-0.7771725557699574,-0.1972102359328831,0.5931964549089001,0.07231118367723033,4.6501144628956,10.014042608859,0.0031100387638009,0.0031309987840479,-7.3950690850801e-05,20925711.16433643,20847.6704961269,1135.856878042242,20925721.54927686,-27.00847389235787,1135.856878042242,0.057156031559221,75.25486944364,3.2706509776322e-09,5.91609197,19.6969697,19.6969697,0.996919814,3.11781907,1136.17382,178.651033,3.11781907,-2.79827289,0,1,-0.523,0,-0.126215928,-0.174,0.348,0,-0.0647179778,-0.161794944,-0.163420616,0,0,-0.285321094,-1,2.13050939,0,338.82017,-338.82017,360,21.1798304,0.36958804,0.0945119584,-0.0317039694,0,0,0,-75.2548694,-49.5931724,-5.91385941,-25.9505835,0,0,0,-0,0,0,0.002,0,0,0,0,0,0,0,0,0,0,0,-825,-1.5,1.29954,30.0905,0,-0,-0,-0,0,130,130,0.00311009621110309303,-7.49047012869149458e-05,20925721.9348368421,-6.26843897066293732
13.9199945,-5.565600218288914,-0.3615335767574055,5.522394440367732,6.044770390172152,-2.637650222770377,14.27633684059107,-5.561844023777632,-0.3599726806040762,5.523348856129566,13.60184924,3331544.884,107.10660162,1509.01638967,105.297716268974,17.58447584862688,8.660327263142438,-7.546755775542804,-9.699498386944843,-0.6640474406389245,-1.255401963573753,4.625467279539407,-8.265466204556088,-0.1792505150111648,-1.934401203582763,-32.30619751949372,105.297716268974,17.58447584862688,8.660327263142438,18.36097285452334,1505.370520550342,103.2130555380491,19.88666773494091,-20.57692211038073,103.2130555380491,103.2119447147373,-20.5768916166336,-19.89246365426702, 2095.734879,-10.78165492, 13.55483334,-10.78165492, 1505.011878, 3.979907608, 13.55483334, 3.979907608, 3150.439301,77.08075536,2480,45.48951612903226,4.22741935483871,35.42701612903226,80.051232997328,80.051232997656,6.02198143749577,16.50715885109504,339.6615102360418,0.9714195586418666,0.07647729510877975,0.1319262021597852,-0.1819086078353107,0.7801666355451367,0.1827080507560115,-0.5936333714035814,-0.07454669226154728,-0.7802043698203797,-0.1830093145521526,0.5935405649508676,0.07415072392188798,4.7017722908454,9.4494472231605,0.0031785194764048,0.0031999410155756,-8.7855926851229e-05,20925715.59640239,21208.81916381797,1160.867857574809,20925726.34425145,-32.08698962880953,1160.867857574809,0.058158768954997,80.051232997656,0,5.9312117,19.6969697,19.6969697,0.996746944,3.11395917,1161.30675,178.42986,3.11395917,-2.81725253,0,1,-0.523,0,-0.105103404,-0.174,0.348,0,-0.0749014423,-0.187253606,-0.182175751,0,0,-0.240835547,-1,2.30321122,0,339.68653,-339.68653,360,20.3134698,0.354470048,0.107623436,0.00252003247,0,0,0,-80.051233,-52.2674842,-6.23025733,-26.122721,0,0,0,-0,0,0,0.002,0,0,0,0,0,0,0,0,0,0,0,-825,-1.5,1.29954,30.078,0,-0,-0,-0,0,130,130,0.00317859162647435127,-8.88272535337004986e-05,20925726.7245011739,-5.5618440237776321
14.15999441,-3.628676262301577,-0.8343892454347598,8.470051619766762,10.10553214404167,-1.274961516027966,9.828249253375928,-3.62487401673528,-0.8329578170062029,8.471026424753404,13.06006179,3264376.32,104.959063068,1509.92018693,103.5805177168662,14.68111308597347,8.482109887379815,-6.800513609269355,-14.47131328131778,-0.8541489712930748,-2.509616952750694,4.126482532122276,-7.868387333586171,-0.1428914154121372,-1.499565167866332,-30.95719868250597,103.5805177168662,14.68111308597347,8.482109887379815,17.91027058049622,1506.413679836715,101.2720015253762,19.46303726208514,-19.53399108368951,101.2720015253761,101.2708913829318,-19.53395676489324,-19.46884721015799, 2095.734879,-10.78165492, 13.55483334,-10.78165492, 1505.011878, 3.979907608, 13.55483334, 3.979907608, 3150.439301,77.08075536,2480,45.48951612903226,4.22741935483871,35.42701612903226,84.780644889921,84.78064489083,5.363368841078571,16.19901450547907,341.3796099471469,0.9748468617609394,0.06847882673661919,0.1313907767906453,-0.1664953758456214,0.7822110676919608,0.1661533024609843,-0.5964359687713296,-0.06930411832868681,-0.7822467438793224,-0.1664612091828576,0.5963501074035846,0.06890026797706743,4.681451113937,8.0405933329663,0.0032457004052964,0.0032675747033962,-0.0001010284477931,20925719.95500495,21570.23552586357,1185.404133992824,20925731.0722706,-36.89790325109061,1185.404133992824,0.059161506350773,84.78064489083,6.541301955247e-09,5.96119819,19.6969697,19.6969697,0.996576511,3.11047584,1185.97342,178.230266,3.11047584,-2.85072235,0,1,-0.523,0,-0.0936084453,-0.174,0.348,0,-0.107231921,-0.268079804,-0.258281675,0,0,-0.242369531,-1,3.64474264,0,341.404756,-341.404756,360,18.5952436,0.324487,0.11897681,0.0253683646,0,0,0,-84.7806449,-55.1410297,-6.57017465,-26.0390219,0,0,0,-0,0,0,0.002,0,0,0,0,0,0,0,0,0,0,0,-825,-1.5,1.29954,30.0654,0,-0,-0,-0,0,130,130,0.0032458062897788788,-0.000102008362948212178,20925731.4495136328,-3.62487401673527909
14.39999431,-0.9313037133956191,-1.055539761609743,10.31735194958462,12.24975966621933,-0.6633416469597202,5.208380785052222,-0.9274443822389788,-1.054269291414214,10.31832548538784,12.54864394,3199686.792,102.890415691,1510.75541735,101.9704100226053,10.93090952095091,8.305921861542696,-6.660814109732847,-16.59585616825157,-0.6549474348915822,-3.672872541340659,4.000264175848219,-7.290375881862083,-0.06555637794536841,-1.011489476526971,-29.69984153364757,101.9704100226053,10.93090952095091,8.305921861542696,17.16410340283871,1507.380822889305,99.45038655888489,18.74391620863789,-18.56674068207579,99.45038655888483,99.44929570607628,-18.56670353644633,-18.74973985042502, 2095.734879,-10.78165492, 13.55483334,-10.78165492, 1505.011878, 3.979907608, 13.55483334, 3.979907608, 3150.439301,77.08075536,2480,45.48951612903226,4.22741935483871,35.42701612903226,89.372468858957,89.372468853182,5.416502567220207,15.76270006899996,343.6963703907988,0.9785315239841221,0.06575278712329262,0.1289483720325682,-0.146713819747768,0.7830890091626808,0.1502376487397459,-0.6007689404768906,-0.0572445000680219,-0.7831189564271821,-0.1505530509801163,0.600689978092819,0.05683334535137028,4.6567033613314,6.0985187414438,0.0033116426708878,0.0033339613799268,-0.00011354541295402,20925724.16952391,21931.89132449537,1209.488025235665,20925735.66269856,-41.46939473348903,1209.488025235665,0.060164243746549,89.372468853182,0,6.00163329,19.6969697,19.6969697,0.996411059,3.10731934,1210.19354,178.049398,3.10731934,-2.89431395,0,1,-0.523,0,-0.0945358037,-0.174,0.348,0,-0.153508241,-0.383770603,-0.371291237,0,0,-0.251573437,-1,5.91594741,0,343.721688,-343.721688,360,16.2783125,0.284056552,0.12803798,0.0335021766,0,0,0,-89.3724689,-58.1850906,-6.93020942,-25.6799493,0,0,0,-0,0,0,0.002,0,0,0,0,0,0,0,0,0,0,0,-825,-1.5,1.29954,30.0528,0,-0,-0,-0,0,130,130,0.00331179493532805401,-0.000114521489460053349,20925736.0404606313,-0.927444382238978848
14.63999422,2.08843630045348,-1.222843854482354,11.09301754172224,12.68716082900705,-0.8652809721886413,1.015114371381593,2.092353493723134,-1.221746841926642,11.0939706753935,12.07218826,3138227.04,100.924689484,1511.61595024,100.3511422363484,6.946240479241236,8.197008139656358,-6.845280996623569,-16.3212299473256,-0.3087154321031633,-4.605915889735087,4.250366147253775,-6.62931159704798,0.06626437156952521,-0.5473509273460624,-28.69368926211155,100.3511422363484,6.946240479241236,8.197008139656358,16.16622083533691,1508.363586063381,97.77896789816067,17.77314739331611,-17.58356095569929,97.77896789816067,97.77791329478528,-17.58352204836893,-17.77898679533904, 2095.734879,-10.78165492, 13.55483334,-10.78165492, 1505.011878, 3.979907608, 13.55483334, 3.979907608, 3150.439301,77.08075536,2480,45.48951612903226,4.22741935483871,35.42701612903226,93.760385181755,93.760385177767,6.227697171039162,15.23393553228011,346.3336549698511,0.981826124663168,0.0692057679345973,0.1250081626603052,-0.1249038905790474,0.7826320147606156,0.137256760879721,-0.6058851573154137,-0.03938130532908977,-0.7826529243201823,-0.137580152269447,0.6058118057316417,0.03896354438125869,4.6697385573424,3.9465580820599,0.0033764361704414,0.0033991915483765,-0.00012542648517955,20925728.17363447,22293.77930063982,1233.152359175963,20925740.04921538,-45.80864500776806,1233.152359175963,0.061166981142324,93.760385177767,3.2706509776147e-09,6.04766259,19.6969697,19.6969697,0.996252975,3.10446213,1233.99734,177.88568,3.10446213,-2.94320046,0,1,-0.523,0,-0.10869382,-0.174,0.348,0,-0.206013565,-0.515033911,-0.501715008,0,0,-0.239301563,-1,8.85266833,0,346.359166,-346.359166,360,13.6408336,0.238032547,0.134528416,0.0258345953,0,0,0,-93.7603852,-61.367054,-7.30650849,-25.0854953,0,0,0,-0,0,0,0.002,0,0,0,0,0,0,0,0,0,0,0,-825,-1.5,1.29954,30.0404,0,-0,-0,-0,0,130,130,0.00337664103334209178,-0.000126384840415660866,20925740.431369599,2.09235349372313406
14.87999412,5.049022849054605,-1.500159237873128,10.94653507626098,11.68809457975355,-1.534938574085426,-2.359203759115604,5.052992279779154,-1.499231949885755,10.94745162422261,11.63235621,3080410.087,99.0751021607,1512.5874753,98.68425875862131,3.25495532363875,8.166897039244327,-7.015844676210799,-14.10641929341452,-0.03278456304841626,-5.339146055089778,4.824025241375404,-5.94296880162147,0.2336650916950298,-0.1592834824209098,-27.93293689395865,98.68425875862131,3.25495532363875,8.166897039244327,14.96941457787547,1509.446533952711,96.27018329983126,16.60361611516201,-16.49992749875771,96.27018329983116,96.26917947946549,-16.49988790421795,-16.60947469505643, 2095.734879,-10.78165492, 13.55483334,-10.78165492, 1505.011878, 3.979907608, 13.55483334, 3.979907608, 3150.439301,77.08075536,2480,45.48951612903226,4.22741935483871,35.42701612903226,97.89049777016,97.89049777262,7.753268266227037,14.59417182281785,349.0286703941093,0.9842780921415288,0.07886807539424183,0.1197323718444164,-0.1031533961939705,0.7806347882807164,0.128708406891799,-0.6113498888067536,-0.01716935576152866,-0.7806439883379012,-0.1290400655092613,0.6112799702607803,0.0167458330112161,4.7308947412479,1.8827007352886,0.0034401844569485,0.0034633694597061,-0.00013663272603657,20925731.91341227,22655.91360659795,1256.434951570071,20925744.17792429,-49.90143245588115,1256.434951570071,0.0621697185381,97.89049777262,-3.2706509776103e-09,6.09469948,19.6969697,19.6969697,0.996104197,3.10189683,1257.4196,177.738688,3.10189683,-2.99280265,0,1,-0.523,0,-0.135320059,-0.174,0.348,0,-0.257996372,-0.64499093,-0.632405915,0,0,-0.216291797,-1,12.1799413,0,349.05438,-349.05438,360,10.9456197,0.191001063,0.138415603,0.00309554434,0,0,0,-97.8904978,-64.651685,-7.69491434,-24.304389,0,0,0,-0,0,0,0.002,0,0,0,0,0,0,0,0,0,0,0,-825,-1.5,1.29954,30.0283,0,-0,-0,-0,0,130,130,0.00344044288424144367,-0.000137560021993416641,20925744.5679227337,5.05299227977915422
15.11999403,7.638454887193509,-1.943269374289307,10.10049745288805,9.550884502738784,-2.166790172540248,-4.708792036506162,7.642468376178905,-1.942496016268269,10.10136355160638,11.22912767,3026441.218,97.3482261079,1513.7387892,97.00349939264008,0.2585815718884383,8.181159300800118,-6.934007800619392,-10.53952412708136,0.0462821992786111,-5.983163746960592,5.639382433892822,-5.259908258212857,0.4001373665751851,0.1245164600371918,-27.32976889834893,97.00349939264008,0.2585815718884383,8.181159300800118,13.61036071041249,1510.698157097646,94.9260667766537,15.27208160548645,-15.24737669574554,94.92606677665364,94.92512658487276,-15.24733749325196,-15.27796349534406, 2095.734879,-10.78165492, 13.55483334,-10.78165492, 1505.011878, 3.979907608, 13.55483334, 3.979907608, 3150.439301,77.08075536,2480,45.48951612903226,4.22741935483871,35.42701612903226,101.72006060928,101.72006060826,9.881639455029594,13.80572959994878,351.559729870701,0.9856190546216498,0.09408210694584786,0.113123222679423,-0.08310699615542061,0.7769091378254301,0.1252905855977559,-0.6169717901298661,0.007763434025376595,-0.7769047399145373,-0.1256306930184075,0.6169026257256448,-0.008191730149633569,4.8208489365676,0.15219229711596,0.0035029954482438,0.0035266037591274,-0.0001470745513639,20925735.34606142,23018.32690018153,1279.375212815227,20925748.00607836,-53.71503845675034,1279.375212815227,0.063172455933876,101.72006060826,0,6.1388748,19.6969697,19.6969697,0.995966262,3.09963193,1280.49607,177.60891,3.09963193,-3.03924287,0,1,-0.523,0,-0.172467144,-0.174,0.348,0,-0.303907809,-0.759769522,-0.749182146,0,0,-0.228563672,-1,15.6291089,0,351.585626,-351.585626,360,8.41437375,0.146830822,0.139876044,-0.0325911002,0,0,0,-100,-67.963061,-8.08643525,-23.3643987,0,0,0,-0,0,0,0.002,0,0,0,0,0,0,0,0,0,0,0,-825,-1.5,1.29954,30.0166,0,-0,-0,-0,0,130,130,0.00350330482893663466,-0.000147959480845826885,20925748.406422317,7.64246837617890584
15.35999393,9.622052906585663,-2.416350274217752,8.80171895756428,6.643370458113188,-1.740174900823737,-6.047215671224864,9.626102227381207,-2.415707818644206,8.802523044242005,10.85795152,2975905.19,95.7306880459,1515.11703601,95.3623104673371,-1.787564469543833,8.197498968609363,-6.692916043847229,-6.229360768216718,0.03902786502521138,-6.682281956035826,6.616149991237645,-4.748789596062306,0.3745734326023117,0.297602820217739,-26.78860703132873,95.3623104673371,-1.787564469543833,8.197498968609363,12.09150404922516,1512.166921626251,93.72635416386225,13.78105523867639,-13.77743391930178,93.72635416386227,93.72549073435984,-13.77739624729383,-13.78696387862103, 2095.734879,-10.78165492, 13.55483334,-10.78165492, 1505.011878, 3.979907608, 13.55483334, 3.979907608, 3150.439301,77.08075536,2480,45.48951612903226,4.22741935483871,35.42701612903226,105.21122030169,105.21122029749,12.45582636476924,12.85401151367314,353.7631187996383,0.9857271936797959,0.1136957211288079,0.1052474739641593,-0.06586464803912752,0.77141613187525,0.1269664443213908,-0.6226175150469653,0.03382459838271841,-0.7713970679711519,-0.1273151115010961,0.6225463118598794,-0.03425661248044467,4.913160175832,-1.0699374946235,0.0035649731615531,0.0035889991649521,-0.00015662400844797,20925738.43366058,23381.06585478552,1302.011128890454,20925751.49582323,-57.20273128183544,1302.011128890454,0.064175193329652,105.21122029749,-3.2706509776015e-09,6.1773312,19.6969697,19.6969697,0.99584053,3.09768675,1303.2605,177.497451,3.09768675,-3.07964444,0,1,-0.523,0,-0.217395181,-0.174,0.348,0,-0.339526232,-0.848815581,-0.841127943,0,0,-0.217825781,-1,18.9611802,0,353.789177,-353.789177,360,6.21082252,0.108378853,0.139242521,-0.0781526598,0,0,0,-100,-71.0117956,-8.44670309,-22.233667,0,0,0,-0,0,0,0.002,0,0,0,0,0,0,0,0,0,0,0,-825,-1.5,1.29954,30.0054,0,0,-0,-0,0,130,130,0.00356532882143422878,-0.000157458222978704425,20925751.9078431502,9.62610222738120669
15.59999384,10.86103752546248,-2.818003425902206,7.301272606173993,3.384017530799131,-1.613952347754539,-6.309954655783407,10.86511527503722,-2.817466151638397,7.302007179673152,10.5159282,2928575.219,94.2151688783,1516.74406864,93.81627459520894,-2.769462096695202,8.205775254878183,-6.132754438165088,-1.751048635524757,-0.05474534560913114,-7.423846167142294,7.621158105062293,-4.213468251952869,0.3688108091733528,0.3621546073029007,-26.26576571713341,93.81627459520894,-2.769462096695202,8.205775254878183,10.40011577919914,1513.875940471016,92.65011723468922,12.11784996711569,-12.06696048452423,92.65011723468919,92.64934494700707,-12.066925560325,-12.12378798784921, 2095.734879,-10.78165492, 13.55483334,-10.78165492, 1505.011878, 3.979907608, 13.55483334, 3.979907608, 3150.439301,77.08075536,2480,45.48951612903226,4.22741935483871,35.42701612903226,108.32405322045,108.32405322186,15.29832021291923,11.78231723492443,355.5465656528264,0.9845921213761213,0.1362562790159217,0.09650452918774996,-0.05195629701061589,0.7644308523823528,0.1330835847706619,-0.6279973039436901,0.05961222718567046,-0.764396822205883,-0.1334407585106966,0.6279215064512789,-0.06004701412721603,4.9987361749426,-1.6844564628939,0.0036262025572385,0.0036506412101994,-0.00016512882673034,20925741.13620514,23744.18602026754,1324.373725523765,20925754.60723461,-60.30889772536102,1324.373725523765,0.065177930725428,108.32405322186,6.541301955194e-09,6.20845821,19.6969697,19.6969697,0.995728433,3.09608642,1325.73927,177.405752,3.09608642,-3.1123718,0,1,-0.523,0,-0.267006058,-0.174,0.348,0,-0.362283341,-0.905708353,-0.90138554,0,0,-0.246971484,-1,21.9926138,0,355.572756,-355.572756,360,4.42724429,0.0772554129,0.136940803,-0.130065254,0,0,0,-100,-73.7704031,-8.77253729,-20.8963253,0,0,0,-0,0,0,0.002,0,0,0,0,0,0,0,0,0,0,0,-825,-1.5,1.29954,29.9948,0,0,-0,-0,0,130,130,0.00362659864871794566,-0.000165907328907890313,20925755.0311927721,10.8651152750372226
15.83999375,11.31236817500667,-3.183775477775737,5.842784524224134,0.1365395046347859,-1.374754007112812,-5.6548882655591,11.31646842207256,-3.183319072520282,5.843444805751912,10.20871623,2885408.313,92.8324272345,1518.61402327,92.43273202087455,-2.707281874339547,8.168244748011265,-5.363982984162456,2.378003521420304,-0.3246823428953647,-8.268583976312559,8.544267133634692,-3.649375457236168,0.3821335778041597,0.3260043135913758,-25.67739401097501,92.43273202087455,-2.707281874339547,8.168244748011265,8.519680315703971,1515.818578633795,91.70607068708004,10.26595936878588,-10.12256013210415,91.70607068708006,91.70540546490332,-10.12252923664507,-10.27193052080746, 2095.734879,-10.78165492, 13.55483334,-10.78165492, 1505.011878, 3.979907608, 13.55483334, 3.979907608, 3150.439301,77.08075536,2480,45.48951612903226,4.22741935483871,35.42701612903226,111.01558604836,111.01558604785,18.23147636169673,10.63860878508715,356.8866092472858,0.9823564002851247,0.1601754518161145,0.0872160630359725,-0.04138944071693801,0.7562815662494975,0.1425242292268785,-0.6329845132952943,0.08399787237073761,-0.7562329283897399,-0.1428897763253773,0.6329020949642055,-0.0844346376239169,5.0500874253828,-1.6711598060911,0.0036867678345581,0.0037116146616614,-0.00017243169598028,20925743.41063466,24107.74478079518,1346.493750151483,20925757.29733842,-62.97608394766212,1346.493750151483,0.066180668121203,111.01558604785,-3.2706509775925e-09,6.23184639,19.6969697,19.6969697,0.995631517,3.09485629,1347.95846,177.335265,3.09485629,-3.1369901,0,1,-0.523,0,-0.31819929,-0.174,0.348,0,-0.371299009,-0.928247522,-0.927357769,0,0,-0.243903516,-1,24.5888934,0,356.912898,-356.912898,360,3.08710199,0.0538699297,0.133424291,-0.184774999,0,0,0,-100,-76.266493,-9.06731147,-19.339242,0,0,0,-0,0,0,0.002,0,0,0,0,0,0,0,0,0,0,0,-825,-1.5,1.29954,29.9848,0,0,-0,-0,0,130,130,0.00368719861084134846,-0.0001731529452276466,20925757.7325739376,11.3164684220725622
16.07999365,11.01622245820681,-3.465214942289717,4.622740172339022,-2.76141569685307,-0.8984403419250392,-4.304455849403791,11.02034072362858,-3.464819755798118,4.623323285541749,9.942331383,2847454.952,91.6162231213,1520.69627471,91.24485246889465,-1.729689483721266,8.057134182509728,-4.525305153799849,5.78467817781187,-0.6315217401301503,-9.230078845154917,9.295379506412054,-3.070710714731085,0.4034109722687702,0.2084042820056007,-24.97721408180949,91.24485246889465,-1.729689483721266,8.057134182509728,6.421747293870554,1517.963499915562,90.89958201219778,8.196912485219482,-7.975522223202542,90.89958201219775,90.89904217824305,-7.975496702423694,-8.202921579719547, 2095.734879,-10.78165492, 13.55483334,-10.78165492, 1505.011878, 3.979907608, 13.55483334, 3.979907608, 3150.439301,77.08075536,2480,45.48951612903226,4.22741935483871,35.42701612903226,113.23718493432,113.23718493281,21.09147796242634,9.464502412044311,357.8207676461038,0.9792935094460801,0.1839058482487324,0.07762284099940746,-0.03372767249418837,0.7473318963322764,0.1538856501527945,-0.6376022838695174,0.1061959086115403,-0.7472695067404803,-0.1542594408580585,0.6375119533190983,-0.1066340404245571,5.0462629389414,-1.0817930750152,0.0037467578209211,0.0037720089454815,-0.00017838798520225,20925745.20822934,24471.79488015434,1368.403640012327,20925759.51749979,-65.15146684256615,1368.403640012327,0.067183405516979,113.23718493281,3.270650977588e-09,6.24815053,19.6969697,19.6969697,0.995551527,3.09401729,1369.94627,177.28719,3.09401729,3.12905207,0,1,0.523,0,-0.368115735,-0.174,0.348,0,-0.367156312,-0.91789078,-0.920146312,0,0,-0.243903516,-1,26.6643324,0,357.847125,-357.847125,360,2.15287478,0.0375676649,0.129117484,-0.23899825,0,0,0,-100,-78.5250473,-9.33408612,-17.5370077,0,0,0,-0,0,0,0.002,0,0,0,0,0,0,0,0,0,0,0,-825,-1.5,1.29953,29.9755,0,0,-0,-0,0,130,130,0.0037472185215400881,-0.000179053619250220094,20925759.9626593553,11.0203407236285837
16.31999356,10.08972500520034,-3.618349559452747,3.781451402737941,-5.024279391465334,-0.3334601452070763,-2.501121991830258,10.09385788137882,-3.618002709645103,3.78195670775355,9.722800599,2815798.58,90.601366029,1522.94453501,90.25793975644351,-0.03754614931277001,7.881016909352115,-3.701489642740812,8.248632261994217,-0.832608186436584,-10.23647304463974,9.836875202379394,-2.499361086622685,0.4319393410669102,0.03553246048298534,-24.20523421794537,90.25793975644351,-0.03754614931277001,7.881016909352115,4.085505331772878,1520.263670997631,90.23156882894138,5.889855760241875,-5.672839862729075,90.23156882894139,90.23117471505928,-5.672821063169509,-5.895908500164557, 2095.734879,-10.78165492, 13.55483334,-10.78165492, 1505.011878, 3.979907608, 13.55483334, 3.979907608, 3150.439301,77.08075536,2480,45.48951612903226,4.22741935483871,35.42701612903226,114.93388165161,114.93388165244,23.73970970707311,8.293817600888744,358.4354605001091,0.9757611889850619,0.2060978738959998,0.06796030116501652,-0.0281986863447075,0.7380012783110402,0.1656674554658372,-0.6419371070853962,0.1257980840775333,-0.7379262932313836,-0.1660494020270115,0.6418384152885869,-0.1262371993672925,4.9902165332697,-0.023743968203259,0.003806263513758,0.0038319156724603,-0.00018287948092626,20925746.47394253,24836.37940289088,1390.136624305603,20925761.21274921,-66.79187160222864,1390.136624305603,0.068186142912755,114.93388165244,0,6.25887894,19.6969697,19.6969697,0.99549044,3.09358259,1391.73258,177.262282,3.09358259,3.11788895,0,1,0.523,0,-0.414336098,-0.174,0.348,0,-0.351797169,-0.879492922,-0.884287457,0,0,-0.286855078,-1,28.1866014,0,358.461863,-358.461863,360,1.53813664,0.0268404844,0.124370151,-0.289965947,0,0,0,-100,-80.5686705,-9.57563976,-15.4715483,0,0,0,-0,0,0,0.002,0,0,0,0,0,0,0,0,0,0,0,-825,-1.5,1.29953,29.967,0,-0,-0,-0,0,130,130,0.00380675073463288645,-0.000183493690937738975,20925761.666066695,10.0938578813788205
16.55999346,8.706837065952763,-3.554732359181904,3.392583200078604,-6.484136953815264,0.8608211965949497,-0.5609095102722089,8.71098187617911,-3.554428714208794,3.393012910879462,9.551149851,2790803.296,89.7995110502,1525.31047137,89.44500449097733,2.131628854214282,7.681114169564549,-3.087513107978485,9.694052069963288,-0.7577333199203693,-11.16937693000443,10.19997730071612,-2.130175751133259,0.301955983852249,-0.1695547738874034,-23.48321908409648,89.44500449097733,2.131628854214282,7.681114169564549,1.51311649569343,1522.671217694894,89.67779736744619,3.346903909107848,-3.262373123268263,89.67779736744615,89.67756984450027,-3.262362268667426,-3.353005228403464, 2095.734879,-10.78165492, 13.55483334,-10.78165492, 1505.011878, 3.979907608, 13.55483334, 3.979907608, 3150.439301,77.08075536,2480,45.48951612903226,4.22741935483871,35.42701612903226,116.0482422933,116.04824229403,26.07207603769749,7.147083264823435,358.8495278957392,0.9721439560140863,0.2257235802074232,0.05846007588351101,-0.02382044607724999,0.7287253907733927,0.1764483771520549,-0.6460971008188887,0.1427718857338474,-0.7286390541551305,-0.1768384499204574,0.6459904458394853,-0.1432118545154326,4.9082489410954,1.3601945954728,0.0038653706092425,0.0038914211164204,-0.00018582004448753,20925747.15027301,25201.52971222147,1411.72399573053,20925762.32565143,-67.86583792640158,1411.72399573053,0.069188880308531,116.04824229403,0,6.26610578,19.6969697,19.6969697,0.995450321,3.09355661,1413.34642,177.260794,3.09355661,3.11063614,0,1,0.523,0,-0.45504357,-0.174,0.348,0,-0.32819512,-0.820487801,-0.82700675,0,0,-0.277651172,-1,29.1780313,0,358.875961,-358.875961,360,1.12403875,0.0196144762,0.119426574,-0.335616995,0,0,0,-100,-82.4178161,-9.79449351,-13.1474987,0,0,0,-0,0,0,0.002,0,0,0,0,0,0,0,0,0,0,0,-825,-1.5,1.29953,29.9594,0,-0,-0,-0,0,130,130,0.00386588237200673332,-0.000186388691740999312,20925762.7852030136,8.71098187617911002
16.79999337,7.066547021874372,-3.282905290163039,3.474318001481948,-7.098010777961878,1.326425217880026,1.391525432033674,7.07070151679553,-3.282647388542261,3.474678504129058,9.426015568,2772448.83,89.209944045,1527.75855481,88.77579442913145,4.535425974936494,7.530096361925637,-2.485277162617837,10.14835353011837,-0.4430886976276902,-11.8501558241492,10.45805198305493,-1.823414334575579,0.1853907881211896,-0.3896152211461492,-22.96471181273222,88.77579442913145,4.535425974936494,7.530096361925637,-1.255439125877637,1525.151529420086,89.20447284141748,0.6080018016448774,-0.7787653121633387,89.20447284141748,89.204430707006,-0.7787633261791687,-0.6141550603766914, 2095.734879,-10.78165492, 13.55483334,-10.78165492, 1505.011878, 3.979907608, 13.55483334, 3.979907608, 3150.439301,77.08075536,2480,45.48951612903226,4.22741935483871,35.42701612903226,116.52756636962,116.52756637223,28.02467931875723,6.041494826261244,359.2007736945279,0.9687829071323626,0.2421451458464509,0.04944183651618207,-0.01951696680010646,0.7199714661986555,0.1850165652017328,-0.6500974290946301,0.1574270978747427,-0.7198749011492165,-0.185414739468276,0.6499839775736059,-0.1578680777767035,4.8483090334076,2.9141688564001,0.0039241410986293,0.0039505876865051,-0.00018715121031438,20925747.18446348,25567.26706619556,1433.188389512808,20925762.80350503,-68.35201246450015,1433.188389512808,0.070191617704307,116.52756637223,3.2706509775742e-09,6.27223618,19.6969697,19.6969697,0.995433065,3.09393649,1434.80935,177.282561,3.09393649,3.10488562,0,1,0.523,0,-0.489122926,-0.174,0.348,0,-0.29980532,-0.749513299,-0.756873768,0,0,-0.242369531,-1,29.7026128,0,359.227233,-359.227233,360,0.772767076,0.0134847855,0.114408275,-0.374714651,0,0,0,-100,-84.0909914,-9.99292978,-10.6070848,0,0,0,-0,0,0,0.002,0,0,0,0,0,0,0,0,0,0,0,-825,-1.5,1.29953,29.9529,0,-0,-0,-0,0,130,130,0.0039246765630223928,-0.000187680759967120882,20925763.2674407214,7.07070151679552961
17.03999327,5.366737784912495,-2.967571742308429,4.00998688054004,-6.935750984314687,1.223565825807491,3.182017431206901,5.370900173188522,-2.967369307651609,4.010286626271961,9.349163609,2761128.564,88.8452742935,1530.27204456,88.25903341333559,6.943812753002131,7.457160966115963,-1.798959101842431,9.691871865711068,-0.1231929690841653,-12.23211839726752,10.67322575245001,-1.560335457273261,0.1005136356907097,-0.6063513685781909,-22.70406354289866,88.25903341333559,6.943812753002131,7.457160966115963,-4.151258986957906,1527.687800090114,88.79911526551666,-2.257964006340441,1.761105018778247,88.79911526551662,88.79927305709843,1.761097655952242,2.251755727576665, 2095.734879,-10.78165492, 13.55483334,-10.78165492, 1505.011878, 3.979907608, 13.55483334, 3.979907608, 3150.439301,77.08075536,2480,45.48951612903226,4.22741935483871,35.42701612903226,116.33287441358,116.33287441796,29.5724603159121,4.955416424264301,359.6142067850289,0.9659382082057436,0.255114078993559,0.04094044021601283,-0.0142851315172327,0.7119481119029915,0.1904869836655564,-0.6540974157697984,0.1702972862233421,-0.7118421708519704,-0.190893329719835,0.6539789422689425,-0.1707395781124678,4.829550491003,4.4825943074321,0.0039826235831579,0.0040094643115867,-0.00018683128594836,20925746.53748401,25933.60661014959,1454.547551293028,20925762.60732974,-68.23516794110037,1454.547551293028,0.071194355100082,116.33287441796,0,6.27945195,19.6969697,19.6969697,0.995440074,3.09471541,1456.13903,177.327193,3.09471541,3.09844877,0,1,0.523,0,-0.5161368,-0.174,0.348,0,-0.270102214,-0.675255535,-0.682617557,0,0,-0.225495703,-1,29.8500788,0,359.640696,-359.640696,360,0.359303532,0.00626984663,0.109316967,-0.406819833,0,0,0,-100,-85.604942,-10.1730064,-7.92125063,0,0,0,-0,0,0,0.002,0,0,0,0,0,0,0,0,0,0,0,-825,-1.5,1.29952,29.9474,0,-0,-0,-0,0,130,130,0.00398318329340684955,-0.000187327944976263354,20925763.0738949105,5.37090017318852198
17.27999318,3.778578636648141,-2.712072709813373,4.944512046883594,-6.141093417238334,0.8534738685306591,4.670001457157631,3.782747360686997,-2.711941889788605,4.944758885825982,9.321415875,2757050.921,88.7121754697,1532.84382243,87.92372220628866,9.152224636503099,7.450230477422563,-0.9571624209784348,8.458610123530697,0.09568700602279634,-12.36489601381059,10.86714193605428,-1.320703040756867,0.04551249180473992,-0.8030045933919601,-22.65913392707637,87.92372220628866,9.152224636503099,7.450230477422563,-7.107196357650071,1530.273053438057,88.45368079051154,-5.183851764023805,4.350185291601379,88.45368079051154,88.45404863041136,4.350168569405335,5.177585429418525, 2095.734879,-10.78165492, 13.55483334,-10.78165492, 1505.011878, 3.979907608, 13.55483334, 3.979907608, 3150.439301,77.08075536,2480,45.48951612903226,4.22741935483871,35.42701612903226,115.44198376313,115.44198376686,30.7257415269439,3.833375256771968,0.1873443355162955,0.9637409969757734,0.2647299960992893,0.03268399230651335,-0.0072853661761463,0.7045557878507075,0.192336382622696,-0.6583820445998333,0.1820465354634029,-0.7044409516983151,-0.1927511504488214,0.6582607346124306,-0.18249039656522,4.8433970917776,5.9216059608179,0.0040408598255114,0.0040680930358737,-0.00018482587934434,20925745.18710378,26300.56084140522,1475.816730156585,20925761.71494221,-67.50274353182613,1475.816730156585,0.072197092495858,115.44198376686,0,0.00626977549,19.6969697,19.6969697,0.995472147,3.09588526,1477.35148,177.394226,3.09588526,3.08961549,0,1,0.523,0,-0.536265355,-0.174,0.348,0,-0.242122612,-0.60530653,-0.611972291,0,0,-0.210155859,-1,29.7270143,0,0.187358136,-0.187358136,0,-0.187358136,-0.00326939947,0.104066128,-0.432199227,0,0,0,-100,-86.9748204,-10.336573,-5.15898757,0,0,0,-0,0,0,0.002,0,0,0,0,0,0,0,0,0,0,0,-825,-1.5,1.29952,29.9431,0,-0,-0,-0,0,130,130,0.00404144594671101021,-0.000185294889177912552,20925762.1824225485,3.7827473606869968
17.51999308,2.437452931102395,-2.54928744584859,6.193327360958452,-4.861456840330714,0.4945589229869832,5.753702303149957,2.441626058748104,-2.549249682992444,6.193527068429034,9.343003144,2760282.493,88.8127651954,1535.46971857,87.81174385785962,10.9929139039415,7.480691558053017,0.07173426695680152,6.621507224477199,0.1756408986487585,-12.31711716599655,11.05100147160551,-1.087395287790518,0.01210885399520101,-0.964790110598979,-22.77161434429551,87.81174385785962,10.9929139039415,7.480691558053017,-10.07195949352559,1532.903387820463,88.16470892279682,-8.118371353008619,6.984512064397107,88.16470892279676,88.16529339076554,6.984486403300728,8.112043678807602, 2095.734879,-10.78165492, 13.55483334,-10.78165492, 1505.011878, 3.979907608, 13.55483334, 3.979907608, 3150.439301,77.08075536,2480,45.48951612903226,4.22741935483871,35.42701612903226,113.84698546678,113.84698546603,31.5238812878429,2.610689299414324,0.9905429115765815,0.9621664373783296,0.2713708718542421,0.024270649404428,0.00212891269165464,0.6974927765144026,0.1903748025899765,-0.6632178901583785,0.1933993056423054,-0.697369092863093,-0.1907984200270762,0.6630961455192415,-0.1938448168819658,4.869276749176,7.1100931301725,0.0040988878466752,0.0041265121366419,-0.00018110412262694,20925743.12536641,26668.14098668527,1497.009809580334,20925760.1184327,-66.14346569275585,1497.009809580334,0.073199829891634,113.84698546603,3.27065097756e-09,0.0202882352,19.6969697,19.6969697,0.995529572,3.09743765,1498.46212,177.483177,3.09743765,3.07714941,0,1,0.523,0,-0.550195521,-0.174,0.348,0,-0.21828084,-0.545702099,-0.551128368,0,0,-0.185612109,-1,29.4438892,0,0.990615876,-0.990615876,0,-0.990615876,-0.017286247,0.0985048187,-0.451690703,0,0,0,-100,-88.214337,-10.4852911,-2.3732474,0,0,0,-0,0,0,0.002,0,0,0,0,0,0,0,0,0,0,0,-825,-1.5,1.29952,29.9401,0,-0,-0,-0,0,130,130,0.00409950405542791173,-0.000181549153729341925,20925760.5851182714,2.44162605874810446
17.75999299,1.441923483674684,-2.453375609176002,7.651545524823524,-3.262328574891071,0.3321386662940833,6.368272815519041,1.44609786492676,-2.453456132200591,7.651701603839806,9.413871875,2770790.538,89.1459631394,1538.14763086,87.96680197969938,12.34236697171407,7.517344680606898,1.26794449339631,4.375301506266709,0.1443088518482725,-12.16858510251576,11.22883780525839,-0.8509601247660105,-0.01123214885194505,-1.079839873375888,-22.97328493735417,87.96680197969938,12.34236697171407,7.517344680606898,-13.01155600854689,1535.577024019302,87.93200225860491,-11.02752957491553,9.662262380737177,87.93200225860497,87.93280745294082,9.66222857643352,11.02113680288667, 2095.734879,-10.78165492, 13.55483334,-10.78165492, 1505.011878, 3.979907608, 13.55483334, 3.979907608, 3150.439301,77.08075536,2480,45.48951612903226,4.22741935483871,35.42701612903226,111.55028066784,111.5502806746,32.02772012151316,1.234067323239492,2.071730479787834,0.9610358858197086,0.275621670599814,0.01533643780444817,0.0144053649022268,0.6903753842992604,0.184699306705415,-0.6687359879399813,0.2050857705695962,-0.6902424384198881,-0.1851323009571657,0.6686162476382317,-0.2055327729113865,4.8844360730819,7.9582346791454,0.0041567445667113,0.004184758782811,-0.00017563691981614,20925740.35462558,27036.35763820949,1518.140271686066,20925757.82020152,-64.14670817998194,1518.140271686066,0.07420256728741,111.5502806746,0,0.0391585181,19.6969697,19.6969697,0.995612264,3.09936429,1519.48672,177.593574,3.09936429,3.06020577,0,1,0.523,0,-0.558989168,-0.174,0.348,0,-0.200354436,-0.500886091,-0.504698462,0,0,-0.187146094,-1,29.1064145,0,2.07188309,-2.07188309,0,-2.07188309,-0.0361543599,0.0924145514,-0.466574617,0,0,0,-100,-89.3358973,-10.6206532,0.400483574,0,0,0,-0,0,0,0.002,0,0,0,0,0,0,0,0,0,0,0,-825,-1.5,1.29952,29.9383,0,-0,-0,-0,0,130,130,0.00415739560289402846,-0.000176059569728064343,20925758.2843929157,1.44609786492676018
17.99999289,0.8504300250325454,-2.368225537853856,9.202793553862609,-1.508025365943559,0.4276848944221343,6.486025803589327,0.8546004101275471,-2.368451531744559,9.20290808933855,9.5339213,2788479.174,89.7086471813,1540.87691364,88.42253819596473,13.12472041835823,7.539086948660209,2.568201909556559,1.920788530078342,0.05297109872834582,-11.98518417554051,11.41236019465674,-0.6108385642203079,-0.03385253494670745,-1.140329671483101,-23.21316404162335,88.42253819596473,13.12472041835823,7.539086948660209,-15.91021241046785,1538.293637105157,87.75656200196261,-13.89555035032028,12.38308867584241,87.75656200196261,87.75759075817503,12.38304783586719,13.88908815263514, 2095.734879,-10.78165492, 13.55483334,-10.78165492, 1505.011878, 3.979907608, 13.55483334, 3.979907608, 3150.439301,77.08075536,2480,45.48951612903226,4.22741935483871,35.42701612903226,108.560166426,108.56016642436,32.31103066477193,-0.3254265164711308,3.460932020942093,0.9600442267613021,0.2781998006484649,0.005675861707250788,0.02979493539728027,0.6828425562083701,0.1756397091212301,-0.6748658841884524,0.2177906663958924,-0.6826994753065616,-0.1760825790564016,0.6747504682580799,-0.2182387622639327,4.8733692962733,8.4127895195564,0.0042144672853416,0.0042428705255104,-0.00016839600391057,20925736.88313041,27405.22109319142,1539.221737707189,20925754.82854478,-61.5021476607144,1539.221737707189,0.075205304683186,108.56016642436,0,0.063404659,19.6969697,19.6969697,0.995719931,3.10165724,1540.44191,177.72496,3.10165724,3.03825258,0,1,0.523,0,-0.56393387,-0.174,0.348,0,-0.189420964,-0.47355241,-0.475550417,0,0,-0.168738281,-1,28.8054278,0,3.46118696,-3.46118696,0,-3.46118696,-0.0603977124,0.0855704805,-0.478363389,0,0,0,-100,-90.3507264,-10.7440023,3.14508588,0,0,0,-0,0,0,0.002,0,0,0,0,0,0,0,0,0,0,0,-825,-1.5,1.29951,29.9378,0,-0,-0,-0,0,130,130,0.00421515824711621041,-0.000168795455406828065,20925755.2886022106,0.854600410127547061
18.2399928,0.6831002680519052,-2.234137293819074,10.72809520722467,0.2486478723569276,0.7465934530545381,6.115798619402137,0.6872586090115808,-2.234535865683838,10.72817033635483,9.703140314,2813212.937,90.4964047441,1543.66135009,89.19411584321007,13.31184395010079,7.536828324742165,3.884476299344853,-0.5465998099751559,-0.04981717037489375,-11.80769315313278,11.62658382373906,-0.3750848843154574,-0.06000701499057755,-1.143209464271313,-23.4688030795257,89.19411584321007,13.31184395010079,7.536828324742165,-18.76497564558566,1541.05734376959,87.6384771004802,-16.71947211530416,15.15110079481426,87.63847710048022,87.63973189740133,15.15105429426059,16.71293565847833, 2095.734879,-10.78165492, 13.55483334,-10.78165492, 1505.011878, 3.979907608, 13.55483334, 3.979907608, 3150.439301,77.08075536,2480,45.48951612903226,4.22741935483871,35.42701612903226,104.88706733286,104.88706733142,32.45220325684739,-2.068101178061542,5.172115784700138,0.9588049001375814,0.2798803386174996,-0.004704365638910885,0.04835316402731114,-0.6746257092580163,-0.1637047765006152,0.6813294839425336,-0.2321013418091396,-0.6744712032614865,-0.1641578520517175,0.6812204629547486,-0.2325499439528791,4.8299718332695,8.4587910965642,0.0042720937733325,0.0043008853900857,-0.00015935204739425,20925732.72125616,27774.74203944083,1560.268001108572,20925751.15388595,-58.19907361381775,1560.268001108572,0.076208042078961,104.88706733142,3.2706509775453e-09,0.0932704497,19.6969697,19.6969697,0.995852203,3.10430925,1561.34518,177.87692,3.10430925,3.0110388,0,1,0.523,0,-0.566397796,-0.174,0.348,0,-0.185885494,-0.464713736,-0.464860297,0,0,-0.156466406,-1,28.6130132,0,5.17249677,-5.17249677,0,-5.17249677,-0.0902600686,0.0777400989,-0.488657697,0,0,0,-100,-91.2689813,-10.8565484,5.85638727,0,0,0,-0,0,0,0.002,0,0,0,0,0,0,0,0,0,0,0,-825,-1.5,1.29951,29.9386,0,-0,-0,-0,0,130,130,0.00427282929053799266,-0.000159724963634927473,20925751.6083084233,0.687258609011580757
18.4799927,0.9253700826056453,-2.007199912389305,12.1144605164022,1.874240515449961,1.193414559927472,5.301095162758999,0.9295052265491942,-2.007796002134709,12.11450007693873,9.921632682,2844825.053,91.5037955419,1546.51186385,90.2749096166594,12.92127062776453,7.511728006078728,5.127244780427177,-2.843462286526609,-0.128543805935049,-11.65338979298911,11.90567241905216,-0.1593887969203617,-0.08861920354476217,-1.090405862398108,-23.74249905242877,90.2749096166594,12.92127062776453,7.511728006078728,-21.57977580648504,1543.879491611019,87.57496043539875,-19.50320628184201,17.97764856802816,87.57496043539872,87.57644391378376,17.97759802923791,19.49659044767278, 2095.734879,-10.78165492, 13.55483334,-10.78165492, 1505.011878, 3.979907608, 13.55483334, 3.979907608, 3150.439301,77.08075536,2480,45.48951612903226,4.22741935483871,35.42701612903226,100.54118081182,100.54118081465,32.5276284395384,-3.968152547226502,7.202804589802772,0.9569031274398578,0.2814275774600966,-0.01558919032587148,0.06994212239948223,-0.6655836324993931,-0.1495324575115647,0.6876814242820212,-0.2484607232479924,-0.6654160707874879,-0.1499957771975784,0.6875805145398548,-0.2489091311819309,4.7565941084672,8.1178822091576,0.0043296610153015,0.0043588406104341,-0.00014847076336919,20925727.87914766,28144.9329763391,1581.292568258081,20925746.80642126,-54.22496436613437,1581.292568258081,0.077210779474737,100.54118081465,-3.2706509775402e-09,0.128712655,19.6969697,19.6969697,0.996008722,3.10731454,1582.21437,178.049123,3.10731454,2.97860188,0,1,0.523,0,-0.567714214,-0.174,0.348,0,-0.189541072,-0.473852681,-0.472255643,0,0,-0.131922656,-1,28.5828335,0,7.20333516,-7.20333516,0,-7.20333516,-0.125698199,0.0686973284,-0.499016886,0,0,0,-100,-92.0998521,-10.959384,8.53720647,0,0,0,-0,0,0,0.002,0,0,0,0,0,0,0,0,0,0,0,-825,-1.5,1.29951,29.9408,0,-0,-0,-0,0,130,130,0.00433044444207005084,-0.000148811467242803308,20925747.2539397329,0.929505226549194319
18.71999261,1.533270541081307,-1.669356124772545,13.26285497447757,3.25947580539326,1.653538451262988,4.116577346320837,1.537368460077448,-1.67017052224579,13.26286593399999,10.18955503,2883114.044,92.7242421693,1549.4477554,91.63871206603247,12.01282546707888,7.471516649351406,6.226951913157694,-4.803094250833251,-0.1659294226670589,-11.52209668045971,12.28554693603127,0.0144109539541375,-0.1149121659417633,-0.9885252165747184,-24.05280996800862,91.63871206603247,12.01282546707888,7.471516649351406,-24.36043322743427,1546.780007696194,87.55868778913413,-22.25254172234287,20.88266423149977,87.55868778913418,87.56040291851316,20.8826115253037,22.24584146522961, 2095.734879,-10.78165492, 13.55483334,-10.78165492, 1505.011878, 3.979907608, 13.55483334, 3.979907608, 3150.439301,77.08075536,2480,45.48951612903226,4.22741935483871,35.42701612903226,95.531456310302,95.531456310072,32.60735728674347,-5.980598235231462,9.532808100206655,0.95394886277986,0.2835369995553145,-0.02660100666779142,0.09423759084591288,-0.6557075491132008,-0.1338437782914777,0.6933788943122692,-0.2671313571464727,-0.6555250681032116,-0.1343170070837287,0.6932873788502952,-0.2675788426300493,4.6611476274625,7.4438385212285,0.0043872027545892,0.0044167701573334,-0.00013570760906132,20925722.36569572,28515.81014782563,1602.307761673766,20925741.79509892,-49.56355269072446,1602.307761673766,0.078213516870513,95.531456310072,0,0.169378888,19.6969697,19.6969697,0.996189174,3.11066991,1603.06678,178.241386,3.11066991,2.94129102,0,1,0.523,0,-0.569105745,-0.174,0.348,0,-0.199659156,-0.499147889,-0.496035336,0,0,-0.115048828,-1,28.7532993,0,9.5335103,-9.5335103,0,-9.5335103,-0.166359755,0.0582367402,-0.510869005,0,0,0,-95.5314563,-92.6628538,-11.0310203,11.2148212,0,0,0,-0,0,0,0.002,0,0,0,0,0,0,0,0,0,0,0,-825,-1.5,1.29951,29.9444,0,-0,-0,-0,0,130,130,0.00438803550796109353,-0.000136008548547616743,20925742.2347648442,1.53736846007744821
18.95999251,2.439216979893553,-1.228578322881983,14.09514081459221,4.318188319146839,2.031867871415321,2.662928154892118,2.443261571831481,-1.229625956192381,14.09513418457844,10.50700591,2927834.8,94.1497447439,1552.49602761,93.24633650919259,10.68403281089504,7.426076074164498,7.148101039560445,-6.281484814032108,-0.1631216224241889,-11.40495086044805,12.79573413667994,0.1199969495857919,-0.1331817585064789,-0.8481613292179114,-24.42375864774009,93.24633650919259,10.68403281089504,7.426076074164498,-27.11149025209222,1549.786835597425,87.57652106128269,-24.97197641963984,23.89409525068497,87.57652106128266,87.57847106631391,23.89404251263366,24.96518723022949, 2095.734879,-10.78165492, 13.55483334,-10.78165492, 1505.011878, 3.979907608, 13.55483334, 3.979907608, 3150.439301,77.08075536,2480,45.48951612903226,4.22741935483871,35.42701612903226,89.865567207336,89.865567212692,32.75286244411768,-8.050044595806144,12.12360981527594,0.9496223360548497,0.2867904447965506,-0.03726739818755654,0.1207468453892557,-0.6451054173124962,-0.1173985652391139,0.6978617386617445,-0.2881762848429321,-0.6449060491589851,-0.117880963546056,0.6977804152035574,-0.2886221723117494,4.5533874064273,6.5159124001676,0.0044447460703241,0.0044747012924366,-0.00012100222489521,20925716.18850605,28887.39557321805,1623.323469877843,20925736.12759117,-44.19279483638456,1623.323469877843,0.079216254266289,89.865567212692,0,0.214596909,19.6969697,19.6969697,0.996393293,3.11437572,1623.91788,178.453729,3.11437572,2.89977881,0,1,0.523,0,-0.571645289,-0.174,0.348,0,-0.215090868,-0.537727171,-0.533422542,0,0,-0.107378906,-1,29.1508394,0,12.1245029,-12.1245029,0,-12.1245029,-0.211572575,0.0461879825,-0.525457307,0,0,0,-89.8655672,-92.6669246,-11.0367553,13.9284319,0,0,0,-0,0,0,0.002,0,0,0,0,0,0,0,0,0,0,0,-825,-1.5,1.2995,29.9494,0,-0,-0,-0,0,130,130,0.00444562720803890529,-0.000121254674254784982,20925736.558842238,2.4432615718314814
19.19999242,3.557134722146265,-0.7110275894892716,14.5596442386007,4.9835268888282,2.278488133430491,1.060504729180411,3.561109089021854,-0.7123162445540884,14.55963532139047,10.87390898,2978690.736,95.7706322104,1555.68889276,95.05444533246086,9.063710586782985,7.383465778928688,7.892974558401407,-7.166601504065888,-0.13510935129964,-11.29317701455332,13.45234011087423,0.1283508575384751,-0.1396438513200485,-0.6829206546019788,-24.87455425419281,95.05444533246086,9.063710586782985,7.383465778928688,-29.83521108752658,1552.933519834747,87.60864236755521,-27.66371988104083,27.04548721743572,87.60864236755521,87.61083056515291,27.04543687156911,27.65683832402763, 2095.734879,-10.78165492, 13.55483334,-10.78165492, 1505.011878, 3.979907608, 13.55483334, 3.979907608, 3150.439301,77.08075536,2480,45.48951612903226,4.22741935483871,35.42701612903226,83.550382692367,83.550382696552,33.01591804158391,-10.11887666328458,14.91963267331216,0.9437078712527697,0.291623517735301,-0.04709085840838071,0.1488409509967487,-0.6339765406907897,-0.1009495639869498,0.7006256697703477,-0.3114588291306508,-0.6337583508658918,-0.1014400071413175,0.7005548290901098,-0.3119025634672496,4.4415984277026,5.4305867286085,0.0045023072490674,0.0045326504120946,-0.00010427386913538,20925709.3543684,29259.71871511883,1644.345639657496,20925729.81076622,-38.08320316777099,1644.345639657496,0.080218991662065,83.550382696552,0,0.263396713,19.6969697,19.6969697,0.996620844,3.1184367,1644.77998,178.686423,3.1184367,2.85503998,0,1,0.523,0,-0.576236475,-0.174,0.348,0,-0.234357784,-0.585894461,-0.580795496,0,0,-0.0997089844,-1,29.7904606,0,14.9207317,-14.9207317,0,-14.9207317,-0.260366768,0.0324292882,-0.543807187,0,0,0,-83.5503827,-92.0999663,-10.9750461,16.6817922,0,0,0,-0,0,0,0.002,0,0,0,0,0,0,0,0,0,0,0,-825,-1.5,1.2995,29.9557,0,-0,-0,-0,0,130,130,0.00450323333420715212,-0.000104468775414435139,20925730.2334560417,3.56110908902185352
19.43999232,4.786524710672601,-0.1494969536987641,14.63507244207523,5.202560738908394,2.38723925733818,-0.5582261750685741,4.790412708230227,-0.1510265664277186,14.63508040108312,11.28992676,3035332.077,97.5755110001,1559.05950477,97.02397900851395,7.30297431436081,7.348088897963454,8.494190848051481,-7.390372158682371,-0.09467895100841517,-11.19106038389868,14.24799126341698,0.009455831899749474,-0.1350320285202271,-0.5082595022853961,-25.40363163116156,97.02397900851395,7.30297431436081,7.348088897963454,-32.53294973125866,1556.254947078229,87.62811354115986,-30.32906654686939,30.37172676267035,87.62811354115986,87.63054327100383,30.37168154676835,30.32209084122601, 2095.734879,-10.78165492, 13.55483334,-10.78165492, 1505.011878, 3.979907608, 13.55483334, 3.979907608, 3150.439301,77.08075536,2480,45.48951612903226,4.22741935483871,35.42701612903226,76.592419456691,76.592419458494,33.43727990017364,-12.13316840807144,17.85205602479606,0.9361145897900863,0.2983014374308651,-0.05560597314439458,0.1778024267536384,-0.6225857715150813,-0.08519165807365552,0.7012773403736058,-0.3366592199541759,-0.6223469933464257,-0.08568869731138007,0.7012167809457326,-0.3371004199728133,4.3310148596454,4.2922782666147,0.0045598872297211,0.0045906184615639,-8.5418996110984e-05,20925701.86970646,29632.81736445246,1665.374612476838,20925722.85114012,-31.19696169652889,1665.374612476838,0.08122172905784,76.592419458494,-3.2706509775195e-09,0.314577156,19.6969697,19.6969697,0.996871604,3.12286214,1665.66065,178.940001,3.12286214,2.80828499,0,1,0.523,0,-0.583590627,-0.174,0.348,0,-0.25572482,-0.639312051,-0.633875438,0,0,-0.0966410156,-1,30.6722689,0,17.853371,-17.853371,0,-17.853371,-0.311541325,0.0168981763,-0.566692451,0,0,0,-76.5924195,-90.9548484,-10.8449173,19.4771735,0,0,0,-0,0,0,0.002,0,0,0,0,0,0,0,0,0,0,0,-825,-1.5,1.2995,29.9635,0,-0,-0,-0,0,130,130,0.00456085248395617614,-8.55478610792161895e-05,20925723.2655269168,4.79041270823022725
19.67999223,6.017579695906387,0.4260921078002333,14.33255673539118,4.959426191063529,2.401543865009156,-2.056536208406179,6.021367474855615,0.4243294841874809,14.33260355510981,11.75443265,3097363.204,99.5515041341,1562.63680045,99.1259932975685,5.563305490422742,7.320454914498971,9.001816119697835,-6.940517029729968,-0.06980788871573296,-11.09900645672665,15.16314077044534,-0.2624789170599625,-0.123469146578941,-0.34018210424372,-26.00867342740678,99.1259932975685,5.563305490422742,7.320454914498971,-35.20753542117146,1559.782112649916,87.60114520862479,-32.9707886582695,33.90381141927462,87.6011452086248,87.60381994684995,33.90377441082989,32.96371924986666, 2095.734879,-10.78165492, 13.55483334,-10.78165492, 1505.011878, 3.979907608, 13.55483334, 3.979907608, 3150.439301,77.08075536,2480,45.48951612903226,4.22741935483871,35.42701612903226,68.997674778104,68.997674786439,34.0441540960168,-14.04596889736477,20.84502959637238,0.9268844512895178,0.306899844478196,-0.06242121762205952,0.206884728792553,-0.6112396398772579,-0.07070623598792383,0.6995695832978607,-0.3633030814066924,-0.6109787966599689,-0.0712081895826286,0.6995186683852597,-0.3637415790761541,4.2236263276778,3.2035685631849,0.0046174669388861,0.0046485862389278,-6.4312276165377e-05,20925693.74041093,30006.73726766364,1686.403420837464,20925715.25471,-23.48829861215563,1686.403420837464,0.082224466453616,68.997674786439,0,0.366814399,19.6969697,19.6969697,0.997145372,3.12766551,1686.56139,179.215234,3.12766551,2.76085111,0,1,0.523,0,-0.59418258,-0.174,0.348,0,-0.277282218,-0.693205544,-0.687914737,0,0,-0.0720972656,-1,31.7755388,0,20.8465651,-20.8465651,0,-20.8465651,-0.36377256,-0.000402687855,-0.594585268,0,0,0,-68.9976748,-89.2257172,-10.6455224,22.3181969,0,0,0,-0,0,0,0.002,0,0,0,0,0,0,0,0,0,0,0,-825,-1.5,1.2995,29.9726,0,-0,-0,-0,0,130,130,0.00461846365267143226,-6.43679677840979257e-05,20925715.6614066474,6.02136747485561497
19.91999213,7.14010558147231,1.002020687931924,13.69554505386249,4.26599387788718,2.401206640217153,-3.304445592962382,7.143782817390814,1.000040195115601,13.69565408440246,12.26651889,3164354.719,101.684641886,1566.44318005,101.3436568826013,4.002110346032147,7.294704791077931,9.462847050794684,-5.868665589377382,-0.07323722102560026,-11.02140627420537,16.16043807054946,-0.7064084743183088,-0.1130998517431679,-0.1938617877236574,-26.67566076567794,101.3436568826013,4.002110346032147,7.294704791077931,-37.86162983017616,1563.539728782993,87.48856971984111,-35.59149735397029,37.66645563399942,87.48856971984117,87.4914930584381,37.66643028338724,35.58433739247138, 2095.734879,-10.78165492, 13.55483334,-10.78165492, 1505.011878, 3.979907608, 13.55483334, 3.979907608, 3150.439301,77.08075536,2480,45.48951612903226,4.22741935483871,35.42701612903226,60.771529722959,60.771529726426,34.84693771183131,-15.81784479812564,23.82413269364532,0.9161868615688593,0.3172953506968409,-0.06724042372372992,0.2353805865661527,-0.6002673607205954,-0.05790618649342287,0.6954127776489073,-0.3908030679280182,-0.5999833643570667,-0.05841124555944598,0.695370537299197,-0.3912389356176043,4.1170431545459,2.2556333961441,0.0046750032452359,0.0047065103222049,-4.0809818253167e-05,20925684.97174383,30381.530949541,1707.416310728466,20925707.02685733,-14.90466327262766,1707.416310728466,0.083227203849392,60.771529726426,3.2706509775087e-09,0.418809557,19.6969697,19.6969697,0.997441969,3.13286351,1707.47637,179.513079,3.13286351,2.71405395,0,1,0.523,0,-0.608193797,-0.174,0.348,0,-0.297103468,-0.742758671,-0.738091103,0,0,-0.0690292969,-1,33.0545019,0,23.8258876,-23.8258876,0,-23.8258876,-0.415761739,-0.0194061461,-0.627599943,0,0,0,-60.7715297,-86.907816,-10.3761227,25.2082147,0,0,0,-0,0,0,0.002,0,0,0,0,0,0,0,0,0,0,0,-825,-1.5,1.29949,29.9831,0,-0,-0,-0,0,130,130,0.00467602237494380447,-4.07872066850776096e-05,20925707.4267567582,7.14378281739081444
20.15999204,8.051518140251245,1.582200348296386,12.79691905899734,3.181769258920814,2.44844419988655,-4.190137213271375,8.055078683081302,1.580022948565269,12.79711340050282,12.82501803,3235856.184,103.960274001,1570.4901548,103.6694850518477,2.757132148354977,7.264617106824182,9.905738005484709,-4.291013175269466,-0.09710667437982679,-10.96037509128279,17.19025904353044,-1.330460897626062,-0.1137370117577316,-0.08239143253948575,-27.38504180402723,103.6694850518477,2.757132148354977,7.264617106824182,-40.4991249626898,1567.541691926128,87.2478725810591,-38.19504793080721,41.67356013049697,87.2478725810591,87.25104831591469,41.67355029445471,38.18780360189629, 2095.734879,-10.78165492, 13.55483334,-10.78165492, 1505.011878, 3.979907608, 13.55483334, 3.979907608, 3150.439301,77.08075536,2480,45.48951612903226,4.22741935483871,35.42701612903226,51.918574552983,51.918574551055,35.8355030163291,-17.41549039499767,26.72627790948309,0.9043015977495753,0.3291650589720818,-0.06986602495421693,0.2626932104500762,-0.5900064657609524,-0.04698520603721178,0.6888650690945277,-0.4185088736876464,-0.5896986835871275,-0.04749154005580241,0.6888303467676898,-0.4189424418349627,4.0084370168098,1.5197205056637,0.0047324260356115,0.0047643201257377,-1.4754887356589e-05,20925675.5681665,30757.25562475265,1728.387673754091,20925698.17217349,-5.388814359666867,1728.387673754091,0.084229941245168,51.918574551055,3.2706509775032e-09,0.469461546,19.6969697,19.6969697,0.997761246,3.13847484,1728.39176,179.834608,3.13847484,2.66901329,0,1,0.523,0,-0.625447517,-0.174,0.348,0,-0.313378967,-0.783447418,-0.779831055,0,0,-0.0536894531,-1,34.4348695,0,26.7282466,-26.7282466,0,-26.7282466,-0.466407903,-0.0399891477,-0.665436664,0,0,0,-51.9185746,-83.9973174,-10.0360679,28.1517357,0,0,0,-0,0,0,0.002,0,0,0,0,0,0,0,0,0,0,0,-825,-1.5,1.29949,29.995,0,-0,-0,-0,0,130,130,0.00473345789444076012,-1.46512353370370359e-05,20925698.5663676746,8.0550786830813017
20.39999194,8.669482701571306,2.183905392120312,11.73302823447437,1.82076676689659,2.58837923366438,-4.634840723608563,8.672924470098778,2.18155592778192,11.73332915004464,13.42837474,3311388.847,106.362838374,1574.7769217,106.0994070933229,1.931685945646102,7.227571578955418,10.3287292065813,-2.380004210473555,-0.1187187932575,-10.90250748840861,18.20173004851069,-2.133678058195979,-0.1384809557574166,-0.01571360624247807,-28.12643390848332,106.0994070933229,1.931685945646102,7.227571578955418,-43.12283456061434,1571.789531892495,86.83571669984406,-40.78423471208041,45.9266577409084,86.83571669984408,86.83914872405938,45.92666771658373,40.77691538612734, 2095.734879,-10.78165492, 13.55483334,-10.78165492, 1505.011878, 3.979907608, 13.55483334, 3.979907608, 3150.439301,77.08075536,2480,45.48951612903226,4.22741935483871,35.42701612903226,42.442525029182,42.442525030783,36.97669425880535,-18.81102451195002,29.50876463486783,0.8915891604994094,0.3420042511416929,-0.07020095500267561,0.2883984864691226,-0.5807804975181612,-0.03788632556101711,0.6801127474761909,-0.4457637162874844,-0.5804487798778252,-0.03839217979215197,0.6800843796727988,-0.4461955748259006,3.8970111807377,1.0406222585984,0.0047896368724718,0.0048219165485953,1.4014341012093e-05,20925665.53325976,31133.97036551272,1749.281556820994,20925688.69437611,5.118347978997917,1749.281556820994,0.085232678640944,42.442525030783,0,0.518025101,19.6969697,19.6969697,0.998103087,-3.13866669,1749.28548,-179.845601,-3.13866669,2.62649352,0,1,0.523,0,-0.645365061,-0.174,0.348,0,-0.324633446,-0.811583616,-0.809339721,0,0,-0.0414175781,-1,35.8183109,0,29.5109383,-29.5109383,0,-29.5109383,-0.514965873,-0.0619891218,-0.707354183,0,0,0,-42.442525,-80.4911509,-9.62477563,31.1521398,0,0,0,-0,0,0,0.002,0,0,0,0,0,0,0,0,0,0,0,-825,-1.5,1.29949,30.0083,0,-0,-0,-0,0,130,130,0.00479067182817117555,1.41992675911402056e-05,20925689.0840785652,8.67292447009877776
20.63999185,8.946058316462096,2.826709008665236,10.61513035329104,0.3619538676872991,2.811203578107733,-4.597546157733808,8.949382414041709,2.824213902558718,10.6155559402421,14.07463756,3390453.551,108.876120684,1579.29432873,108.6273132219603,1.582828766162201,7.184088708146747,10.71930173428837,-0.349033892729242,-0.1486573493460916,-10.79212723276125,19.18611008607686,-3.099161754913802,-0.1857126794986039,0.0006151506007941903,-28.94414232291081,108.6273132219603,1.582828766162201,7.184088708146747,-45.72821755358174,1576.276362719096,86.21099249318439,-43.35450984032187,50.41885465911461,86.21099249318445,86.21468414412644,50.4188892070073,43.34712798273295, 2095.734879,-10.78165492, 13.55483334,-10.78165492, 1505.011878, 3.979907608, 13.55483334, 3.979907608, 3150.439301,77.08075536,2480,45.48951612903226,4.22741935483871,35.42701612903226,32.347073100507,32.347073104737,38.21502169869745,-19.98289062900385,32.1557580393351,0.8784480837788556,0.355170557997364,-0.06824952292006295,0.3122896755550554,-0.5728682049733156,-0.03030153372281978,0.6694406780186031,-0.4719671761878038,-0.5725128657951228,-0.03080530997995966,0.6694176851630086,-0.4723981521630812,3.7837575106758,0.83298892597963,0.004846509351158,0.0048791723342436,4.5657288388715e-05,20925654.87057856,31511.73336636961,1770.051792719183,20925678.59715976,16.6750457112139,1770.051792719183,0.086235416036719,32.347073104737,-3.2706509774922e-09,0.564223851,19.6969697,19.6969697,0.998467376,-3.13217228,1770.12758,-179.473472,-3.13217228,2.58678918,0,1,0.523,0,-0.666977952,-0.174,0.348,0,-0.329968694,-0.824921736,-0.824194968,0,0,-0.0214757812,-1,37.0954188,0,32.1581267,-32.1581267,0,-30,-0.5235,-0.084459391,-0.751437343,0,0,0,-32.3470731,-76.3868771,-9.14171633,34.2054117,0,0,0,-0,0,0,0.002,0,0,0,0,0,0,0,0,0,0,0,-825,-1.5,1.29949,30.0229,0,-0,-0,-0,0,130,130,0.00484753844036445256,4.59213946563484301e-05,20925678.9836367927,8.94938241404170931
20.87999175,8.877401000286794,3.527509419174004,9.558974351962002,-1.015246518199727,2.976598017739005,-4.079724209468213,8.88061019148261,3.524894290776123,9.559538708928631,14.76189078,3472589.002,111.485136331,1584.03476877,111.2435744513361,1.713461701229683,7.132097513496367,11.07662561698499,1.566640958151197,-0.1837894103154341,-10.57630600523197,20.16152389831609,-4.193956069608878,-0.2273967076629192,-0.03372648227418171,-29.89163023664292,111.2435744513361,1.713461701229683,7.132097513496367,-48.29521920004081,1580.99691552481,85.33741025179225,-45.88580993180276,55.14484999592737,85.33741025179222,85.34136291333577,55.14491432833427,45.87838077426605, 2095.734879,-10.78165492, 13.55483334,-10.78165492, 1505.011878, 3.979907608, 13.55483334, 3.979907608, 3150.439301,77.08075536,2480,45.48951612903226,4.22741935483871,35.42701612903226,21.638988096267,21.638988098011,39.47825983195651,-20.91863729457038,34.68075764666938,0.8652589582946714,0.3679589736541822,-0.06411487662018092,0.3343985816270156,-0.5664657572915114,-0.02370984902960957,0.6571909249629103,-0.4966432089755601,-0.5660875004346778,-0.02421015926503568,0.6571726842946031,-0.4970743134150125,3.6683518540811,0.88063747849551,0.0049028914605122,0.0049359344470669,8.0329376594873e-05,20925643.58675409,31890.60136574462,1790.642862573111,20925667.88729711,29.3380397387773,1790.642862573111,0.087238153432495,21.638988098011,0,0.608293408,19.6969697,19.6969697,0.998853891,-3.12521004,1790.88132,-179.074535,-3.12521004,2.54968186,0,1,0.523,0,-0.689025617,-0.174,0.348,0,-0.329258402,-0.823146004,-0.823910414,0,0,-0.00460195312,-1,38.16389,0,34.6833123,-34.6833123,0,-30,-0.5235,-0.105871684,-0.794897301,0,0,0,-21.6389881,-71.6827576,-8.58641948,37.2919613,0,0,0,-0,0,0,0.002,0,0,0,0,0,0,0,0,0,0,0,-825,-1.5,1.29948,30.0389,0,-0,-0,-0,0,130,130,0.00490390683851514488,8.06686798021388372e-05,20925668.2718060538,8.88061019148261011
21.11999166,8.510290869205219,4.245803985150449,8.677937481572251,-2.013541369845301,3.061183064916119,-3.11290234966597,8.513387740426515,4.243091471307162,8.67865019521965,15.49210736,3557814.16,114.190340205,1589.01122989,113.9499848376298,2.268778079311602,7.048928830478234,11.48468099634675,3.121571599986478,-0.5076167078995226,-10.09477869848846,21.33816402848181,-5.376050580943507,-0.1612892070072016,-0.1115138645190848,-31.22270565724002,113.9499848376298,2.268778079311602,7.048928830478234,-50.78671210352327,1585.966328427974,84.19147037767853,-48.34096789566806,60.11972167833808,84.19147037767856,84.19568186806366,60.11982139330094,48.33350832016829, 2095.734879,-10.78165492, 13.55483334,-10.78165492, 1505.011878, 3.979907608, 13.55483334, 3.979907608, 3150.439301,77.08075536,2480,45.48951612903226,4.22741935483871,35.42701612903226,10.331371705979,10.331371707672,40.68750154182134,-21.62260587952541,37.1211436059661,0.8523217453815405,0.3797019758256939,-0.0580313995779972,0.3549738139170938,-0.5616195107474132,-0.01746348381272902,0.6437413309102636,-0.5194955733775231,-0.5612193082459771,-0.01795918969240005,0.6437276923471503,-0.5199278927533241,3.5397976764477,1.1384497348576,0.0049586112891108,0.0049920298170534,0.00011818658385171,20925631.69474614,32270.63131520894,1810.991980217036,20925656.57789372,43.16429389418045,1810.991980217036,0.088240890828271,10.331371707672,0,0.650886178,19.6969697,19.6969697,0.999262177,-3.11776255,1811.50541,-178.647794,-3.11776255,2.51453658,0,1,0.523,0,-0.710130866,-0.174,0.348,0,-0.323216742,-0.808041856,-0.809990602,0,0,0.0153398438,-1,38.9561108,0,37.123878,-37.123878,0,-30,-0.5235,-0.126239686,-0.836370553,0,0,0,-10.3313717,-66.378143,-7.95851939,40.3749889,0,0,0,-0,0,0,0.002,0,0,0,0,0,0,0,0,0,0,0,-825,-1.5,1.29948,30.0562,0,-0,-0,-0,0,130,130,0.00495960652888111087,0.000118595842380343294,20925656.9615947455,8.51338774042651458
21.35999157,-503.4536732911536,-890.6101274767329,-331.7263588875311,-1362.411119908748,7374.20273239559,1758.13342274449,-503.4500176598866,-890.6102287921042,-331.7243383928666,43.98788326,5995058.27,192.416555094,1587.79764422,61.7553267482867,-181.691458405023,-14.0934110584733,880.9253624091343,537.2379919895778,-2327.43973211855,-50.63287925954178,-179.9352425938056,151.4319468816689,46.62723093493235,23.82089335383787,229.976930039225,61.7553267482867,-181.691458405023,-14.0934110584733,175.7481989065498,1577.196542821814,51.62358834616604,178.2087194475748,50.99792263922281,51.62358834616606,51.60790141723755,50.99744368863173,-178.2133999533383, 2095.734879,-10.78165492, 13.55483334,-10.78165492, 1505.011878, 3.979907608, 13.55483334, 3.979907608, 3150.439301,77.08075536,2480,45.48951612903226,4.22741935483871,35.42701612903226,10.612326204777,10.612326205005,91.78924818831891,-2.568449499633762,28.85546905686033,0.6698517406058403,0.699127061364508,0.1637597842197104,0.1889516624628308,0.5894357673775877,0.3607213265444821,-0.3578865122817527,0.6279831566521402,-0.588946516913869,-0.3609999382706414,0.3576054748823081,-0.6284420173077337,-12.855520882627,-70.77991884049,0.0050096644267545,0.0050434270265203,0.00015398706077398,20925631.38569544,32649.92776384016,1829.637713672967,20925656.85718425,56.23940230143126,1829.637713672967,0.089243628224047,10.612326205005,0,0.506622942,19.6969697,19.6969697,0.999252031,-3.11086433,1830.50092,-178.252526,-3.11086433,2.66569804,0,1,0.523,0,-1.6020246,-0.174,0.348,0,-35.7884741,-89.4711851,-81.9597629,0,0,0.036815625,-1,1573.67502,0,28.8575946,-28.8575946,0,-28.8575946,-0.503565026,-0.145572883,-1.74759748,0,0,0,-10.6123262,-60.7917675,-7.28856068,-185.501961,0,0,0,-0,0,0,0.002,0,0,0,0,0,0,0,0,0,0,0,-825,-1.5,1.2996,30.0769,0,0,-0,-0,0,130,130,0.00500992552014398879,0.000154965490777351584,20925657.2702282369,-503.450017659886555
21.59999147,-341.8262126989521,-172.5658134830146,-66.75184361225672,1119.757935476767,661.9800068927584,595.6226975915536,-341.824717561904,-172.5619177358809,-66.75163379583388,27.30609505,4722053.861,151.671424646,1507.62488958,2.629588928755332,126.0722585813533,-84.27984297810231,78.34861916591255,483.0851025791595,784.2931451324794,-318.954081348499,-326.791400610311,152.1958132942836,460.1157015034519,-14.19986388333761,15.63449158544804,2.629588928755332,126.0722585813533,-84.27984297810231,93.99926692886261,1500.347028061602,114.2617209665828,96.36671475654612,-25.72812591186285,114.2617209665828,114.2531411319398,-25.72840217304048,-96.37681317235365, 2095.734879,-10.78165492, 13.55483334,-10.78165492, 1505.011878, 3.979907608, 13.55483334, 3.979907608, 3150.439301,77.08075536,2480,45.48951612903226,4.22741935483871,35.42701612903226,41.777810137719,41.777810136345,-19.36025541013714,-36.16951769346195,296.3178678626804,0.7685120920973347,-0.2972238522363139,-0.1756283384828819,-0.5387038450612039,-0.4192032513805082,-0.1707794091921511,0.6676265172151254,0.5910819409685867,-0.4196686267956354,-0.1713051441775319,0.6674918131865988,0.590751614970833,-88.212912115539,56.224223394439,0.0050668121866671,0.0051009598821726,0.00016425386732288,20925661.968763,33019.94750943342,1850.512066614741,20925688.02080995,59.98915126086649,1850.512066614741,0.090246365619823,41.777810136345,3.27065097747e-09,5.17472243,19.6969697,19.6969697,0.998127069,-3.10918641,1851.48044,-178.156381,-3.10918641,-2.00072353,0,1,-0.523,0,0.337900201,0.174,0.348,0,6.55131686,16.3782922,17.6095248,0,0,0.0552234375,-1,-264.811092,0,296.339695,-296.339695,360,30,0.5235,-0.120430117,0.217470084,0,0,0,-41.7778101,-57.6815011,-6.89768206,-103.274495,0,0,0,-0,0,0,0.002,0,0,0,0,0,0,0,0,0,0,0,-825,-1.5,1.29962,30.1236,0,0,-0,0,0,130,130,0.00506611352239098086,0.000163089487883743412,20925688.0613696501,-341.824717561903981
21.83999138,-140.5135933775034,-346.6638003137039,26.9517749239948,655.4383231536477,280.0543395405898,249.5810765711651,-140.510690096959,-346.6613357599497,26.95349342343562,24.43282909,4466040.04,143.50395559,1470.1716787,45.25282173539238,134.0944314087424,23.75396514358429,295.7439435413986,-115.7641357452384,-90.8252271778411,-150.3498817897847,-86.87223030310638,-19.56419250479205,65.94733047121044,-19.53437799364221,-130.956457821319,45.25282173539238,134.0944314087424,23.75396514358429,46.01052332947478,1464.517686378902,120.3151813891411,48.3464257113947,-61.48386388413141,120.3151813891412,120.3108086400935,-61.48397714626102,-48.35716232924159, 2095.734879,-10.78165492, 13.55483334,-10.78165492, 1505.011878, 3.979907608, 13.55483334, 3.979907608, 3150.439301,77.08075536,2480,45.48951612903226,4.22741935483871,35.42701612903226,57.986467652023,57.986467652754,-131.7926549728874,-45.76830097779352,4.959798003981367,-0.3912523839445066,0.8333045143716624,0.1950486874538543,0.3383506582054736,-0.1387191881967045,0.3499472795259999,0.4145841463202775,0.8285009800828759,-0.1393788783532792,0.3496170358182369,0.4148626773926899,0.8283902555204404,27.695734457848,69.136285612829,0.0051469285703049,0.0051816161817751,0.00013422815805056,20925677.61117829,33375.22876757771,1879.773800868526,20925704.22687037,49.02313500503806,1879.773800868526,0.091249103015598,57.986467652754,3.2706509774617e-09,0.0895648054,19.6969697,19.6969697,0.997542402,-3.11551929,1880.40769,-178.519255,-3.11551929,3.07810121,0,1,0.523,0,2.30021576,0.174,0.348,0,2.86489675,7.16224187,7.91903369,0,0,0.0797671875,-1,-433.1476,0,4.96016335,-4.96016335,0,-4.96016335,-0.0865548505,-0.0939932803,2.20622248,0,0,0,-57.9864677,-57.0312474,-6.81067928,-55.1678416,0,0,0,-0,0,0,0.002,0,0,0,0,0,0,0,0,0,0,0,-825,-1.5,1.29957,30.1464,0,-0,-0,-0,0,130,130,0.00514652944614969049,0.000134314038812707051,20925703.8365623504,-140.510690096959024
22.07999128,-44.74557746685511,-158.4108063262983,57.02709479280965,137.9968281825867,717.9305551044449,54.93480333556617,-44.74203641815564,-158.4091392742681,57.02563252912248,22.57275981,4292309.145,137.95191056,1468.10681046,79.36972011701812,111.8167482988472,-15.1060238214332,71.13916512516279,-86.32349628181889,-95.87877089924433,28.71984325211997,22.1812567144527,-18.9467743472652,9.821122491993769,-10.42712589581294,66.02313424912518,79.36972011701812,111.8167482988472,-15.1060238214332,34.21883650143253,1463.023528650348,117.1701018376915,36.57685090626903,-62.96054987371704,117.1701018376915,117.1667433499978,-62.96060855277446,-36.58750675702403, 2095.734879,-10.78165492, 13.55483334,-10.78165492, 1505.011878, 3.979907608, 13.55483334, 3.979907608, 3150.439301,77.08075536,2480,45.48951612903226,4.22741935483871,35.42701612903226,67.172778759152,67.172778760773,-163.715919939123,14.81470528744507,28.75918724977928,-0.104351148218858,0.9554395659818554,0.226102936629984,-0.1585040556866195,0.08610178914681235,0.7876510330705986,0.2336630039309688,0.5635547290214968,0.08564807202294156,0.787462667641701,0.2342970259602988,0.5636238625675176,-10.775925693024,54.149580211863,0.0052249281966539,0.0052601414693153,9.1917890570396e-05,20925686.2324856,33726.01265454746,1908.261852209914,20925713.41061614,33.57049073652888,1908.261852209914,0.092251840411374,67.172778760773,-3.2706509774535e-09,0.504942508,19.6969697,19.6969697,0.997211163,-3.12400229,1908.55095,-179.005331,-3.12400229,2.65424051,0,1,0.523,0,2.85738184,0.174,0.348,0,1.0112426,2.5281065,2.74991622,0,0,0.0997089844,-1,-177.582648,0,28.7613057,-28.7613057,0,-28.7613057,-0.501884784,-0.109068718,2.74831312,0,0,0,-67.1727788,-57.5872637,-6.87178868,-43.4592954,0,0,0,-0,0,0,0.002,0,0,0,0,0,0,0,0,0,0,0,-825,-1.5,1.29956,30.1543,0,-0,-0,-0,0,130,130,0.00522534757797230368,9.29799454530768092e-05,20925713.2260869816,-44.7420364181556351
22.31999119,-30.16063414359744,-36.07583181669496,66.9643086642301,9.315070903698684,305.2638528967132,29.0033740945604,-30.15753186127711,-36.07470054690238,66.961748903203,21.14081074,4153555.856,133.52368737,1470.2752608,96.91206486367155,88.7909746069331,-23.51147806934992,80.47942693396499,-109.0269622228704,24.08083598177279,24.08832429232021,-0.1180413163508625,-32.0105237649007,11.83018655700303,-7.649650849133584,63.19989054947578,96.91206486367155,88.7909746069331,-23.51147806934992,42.12870005562154,1465.518790012122,110.4046705565706,44.51529686710563,-60.4795184580996,110.4046705565706,110.4005246552319,-60.47955860324404,-44.52552341973457, 2095.734879,-10.78165492, 13.55483334,-10.78165492, 1505.011878, 3.979907608, 13.55483334, 3.979907608, 3150.439301,77.08075536,2480,45.48951612903226,4.22741935483871,35.42701612903226,76.942583799362,76.942583798044,-178.8599799133407,39.27854659480707,16.43332185761765,0.03875806225867055,0.9325909013015897,0.1312869262265406,-0.3339697088381345,0.1202428198861601,0.8955738566259258,0.06542259233008287,0.4233308587934522,0.1198982735763436,0.8955203191891434,0.06615138833310463,0.4234285721752721,-13.636846903171,41.681016851541,0.0052998747693535,0.0053355931257693,5.1670974151914e-05,20925695.43024338,34077.55137201768,1935.634937859666,20925723.17790858,18.87141619548493,1935.634937859666,0.09325457780715,76.942583798044,-3.2706509774455e-09,0.289815573,19.6969697,19.6969697,0.996858983,-3.13184349,1935.71977,-179.454632,-3.13184349,2.86152624,0,1,0.523,0,3.12169555,0.174,0.348,0,0.704937973,1.76234493,1.78526738,0,0,0.124252734,-1,-214.913123,0,16.4345324,-16.4345324,0,-16.4345324,-0.28678259,-0.12425682,2.99743873,0,0,0,-76.9425838,-58.9564536,-7.02941182,-51.5549352,0,0,0,-0,0,0,0.002,0,0,0,0,0,0,0,0,0,0,0,-825,-1.5,1.29957,30.1537,0,-0,0,-0,0,130,130,0.00530053273433510417,5.28559532275703106e-05,20925723.2162707001,-30.1575318612771106
22.55999109,-29.63719048380513,10.02485288832472,72.14766412522333,2.560878263889024,83.72345730448185,14.75307656421297,-29.63395663683773,10.02539548072521,72.14507489160451,19.80916318,4020199.897,129.270939094,1468.97641425,113.942836611526,59.69349161313264,-12.83326685545863,57.50224938080162,-133.4066010708013,59.04273642353802,-7.53445086726175,-4.248546099190174,-20.06426896654686,0.2869675793792129,-5.149755972229527,31.65073389156757,113.942836611526,59.69349161313264,-12.83326685545863,43.96512147695728,1464.637870991476,103.8974522193264,46.3748485826552,-61.36504326976431,103.8974522193265,103.893075923434,-61.36505272749799,-46.38463940951196, 2095.734879,-10.78165492, 13.55483334,-10.78165492, 1505.011878, 3.979907608, 13.55483334, 3.979907608, 3150.439301,77.08075536,2480,45.48951612903226,4.22741935483871,35.42701612903226,88.006531495601,88.006531496302,159.8889865971907,38.99698258698808,354.771035017312,0.1494256907973495,0.9298625601796762,0.01587945203127583,-0.3358205251455297,0.1168838893139414,0.8949532835224636,-0.09443687434244082,0.420093386636397,0.1165383018927168,0.8950306598303226,-0.09370069843339747,0.4201893873823481,-6.4260849644086,27.501406488434,0.0053701192102276,0.0054063109578,1.1684961012427e-05,20925705.91620573,34429.1878252229,1961.290843958859,20925734.2394594,4.267616058677959,1961.290843958859,0.094257315202926,88.006531496302,3.2706509774379e-09,6.19492265,19.6969697,19.6969697,0.996460274,-3.13941673,1961.28719,-179.888579,-3.13941673,-3.05115408,0,1,-0.523,0,-2.79058925,-0.174,0.348,0,0.343853721,0.859634302,0.860325956,0,0,0.136524609,-1,80.4216295,0,354.797168,-354.797168,360,5.20283205,0.0907894193,-0.122828651,-2.9134179,0,0,0,-88.0065315,-61.1997989,-7.29011605,-53.6747555,0,0,0,-0,0,0,0.002,0,0,0,0,0,0,0,0,0,0,0,-825,-1.5,1.29957,30.1465,0,-0,0,-0,0,130,130,0.00537093875950626562,1.27616033007036553e-05,20925734.3901506029,-29.633956636837727
22.799991,-24.64081428138763,19.5690355149435,73.97344671289149,57.58795136383775,11.123942516411,-9.583396670001619,-24.63735988466235,19.56884074055155,73.97110459640098,18.70340788,3905998.656,125.630688291,1468.64101949,122.8765535658289,26.05618302059905,-2.344728248588076,17.00845980085015,-142.4035378534621,26.01865047347415,-35.5759056607997,3.867808530447234,0.09880232955179653,-2.742792207004548,-1.580158850657245,-4.095667117335957,122.8765535658289,26.05618302059905,-2.344728248588076,38.47458437632933,1464.610761677444,101.6930050294761,40.90882803079237,-61.38461010384209,101.6930050294761,101.6890961445778,-61.38458956296951,-40.91857438698591, 2095.734879,-10.78165492, 13.55483334,-10.78165492, 1505.011878, 3.979907608, 13.55483334, 3.979907608, 3150.439301,77.08075536,2480,45.48951612903226,4.22741935483871,35.42701612903226,98.627192951739,98.627192953611,143.9166081007793,27.24225685269353,338.4180631512108,0.2537516081732278,0.9214033165715504,-0.1013669521391107,-0.2763164681564877,0.1077403427025128,0.8468939277371995,-0.2511121017623507,0.4561857144461004,0.1073610779775838,0.8471023847719935,-0.2504079914923794,0.456275121440831,-1.093184392455,11.970205315089,0.0054373775291231,0.0054740225432663,-2.876897040315e-05,20925715.95333011,34780.65300942743,1985.856134228816,20925744.85778625,-10.50709388359246,1985.856134228816,0.095260052598702,98.627192953611,0,5.90950945,19.6969697,19.6969697,0.996077661,3.13630174,1985.87451,179.71009,3.13630174,-2.77320771,0,1,-0.523,0,-2.51181866,-0.174,0.348,0,0.274343295,0.685858237,0.729394283,0,0,0.168738281,-1,88.8598203,0,338.442991,-338.442991,360,21.5570085,0.376169798,-0.104908391,-2.61672705,0,0,0,-98.627193,-64.2750494,-7.64961325,-48.5681876,0,0,0,-0,0,0,0.002,0,0,0,0,0,0,0,0,0,0,0,-825,-1.5,1.29956,30.1346,0,-0,0,-0,0,130,130,0.00543836062876485934,-2.78754516101697418e-05,20925745.0627102256,-24.6373598846623523
23.0399909,-6.808408371759135,20.83980036294441,68.14820405866065,82.10012747387992,5.140810844208039,-33.59494605354791,-6.804953510443238,20.83871867958195,68.14611834586982,17.88773713,3819568.991,122.876349236,1469.81526647,122.7130391009397,-6.254700315466085,0.9929552391890866,-16.38765710545395,-122.48990793293,6.661847224770149,-44.13882451248697,6.917853203297948,5.378078412627191,-1.734513534153417,1.860269898439034,-14.61740234447314,122.7130391009397,-6.254700315466085,0.9929552391890866,28.66998130627644,1465.949909455148,102.595383424039,31.13105641097021,-60.0303408981115,102.5953834240391,102.592372007886,-60.03030357224643,-31.14105104763708, 2095.734879,-10.78165492, 13.55483334,-10.78165492, 1505.011878, 3.979907608, 13.55483334, 3.979907608, 3150.439301,77.08075536,2480,45.48951612903226,4.22741935483871,35.42701612903226,107.3132910803,107.31329107593,136.1532785093708,12.3320195471324,327.8235340045358,0.3290556274712752,0.8973090223998168,-0.2170576205679874,-0.1986074059614445,0.07917617197103774,0.7749058136457809,-0.3861646748489674,0.494094077751165,0.07876107970270953,0.7752299383308758,-0.385513578021248,0.4941604154531452,0.46360927280897,-2.9177532663761,0.0055044286338199,0.0055415255210111,-6.869706041195e-05,20925724.0496466,35132.30734179026,2010.345584116499,20925753.54151787,-25.08976695010642,2010.345584116499,0.096262789994477,107.31329107593,6.5413019548462e-09,5.72460003,19.6969697,19.6969697,0.995764831,3.12911298,2010.49177,179.298174,3.12911298,-2.59548706,0,1,-0.523,0,-2.376323,-0.174,0.348,0,-0.0263551142,-0.0658877856,0.0207272994,0,0,0.190214062,-1,106.987222,0,327.847682,-327.847682,360,30,0.5235,-0.0768154768,-2.45313847,0,0,0,-100,-67.6652787,-8.04721961,-39.1882707,0,0,0,-0,0,0,0.002,0,0,0,0,0,0,0,-0.340539068,-0.0950785078,0,0,-825,-1.5,1.29956,30.1201,0,-0,0,-0,0,130,130,0.00550557353349626858,-6.80216514138525923e-05,20925753.7475118749,-6.80495351044323815
23.27999081,12.51598433208736,22.39998567595631,58.96583858041055,79.42304384009361,3.535654952538585,-45.39228322337702,12.51920190281557,22.39798695789608,58.96407543884526,17.22654926,3748097.942,120.594894814,1471.69929981,116.1447410230514,-32.35062116063531,2.639147284296278,-35.08852245989483,-92.28859913041626,9.620370889653557,-49.40067254867061,9.764491707743725,4.740384830623941,-1.97119553919401,4.372560029478947,-19.79465601605796,116.1447410230514,-32.35062116063531,2.639147284296278,17.50004678163457,1467.929434749407,103.8063197834774,19.98911915911575,-58.0328505540779,103.8063197834774,103.8043621486657,-58.0328130412109,-19.99939160603015, 2095.734879,-10.78165492, 13.55483334,-10.78165492, 1505.011878, 3.979907608, 13.55483334, 3.979907608, 3150.439301,77.08075536,2480,45.48951612903226,4.22741935483871,35.42701612903226,113.47481006384,113.47481006234,135.972344232529,-2.153724074629177,320.4128927257701,0.3585228170922525,0.8697801562237877,-0.3205163547644644,-0.1105130571111789,0.02685162521045339,0.6931452443314039,-0.480155168576695,0.5369168227699718,0.02639587959944921,0.693552551184952,-0.4795666527136771,0.5369394210616458,1.3017032238073,-15.560671378799,0.0055722526844758,0.005609806658136,-0.00010752465298386,20925729.61474003,35484.35960187975,2035.117106794877,20925759.70060447,-39.27051991185726,2035.117106794877,0.097265527390253,113.47481006234,3.2706509774155e-09,5.59525994,19.6969697,19.6969697,0.995542971,3.1222986,2035.48485,178.90771,3.1222986,-2.47296134,0,1,-0.523,0,-2.3731651,-0.174,0.348,0,-0.364683989,-0.911709972,-0.828221916,0,0,0.202485938,-1,126.975424,0,320.436495,-320.436495,360,30,0.5235,-0.0475377042,-2.4207028,0,0,0,-100,-70.7423512,-8.4088074,-28.408199,0,0,0,-0,0,0,0.002,0,0,0,0,0,0,0,-0.857773244,-0.23949029,0,0,-825,-1.5,1.29955,30.1049,0,0,0,-0,0,130,130,0.0055735177320606049,-0.00010703845157762073,20925759.8512266465,12.519201902815567
23.51999071,29.73446683364426,21.3793075004538,47.36040716147723,53.37628350251693,-14.19829696252761,-46.28677782245565,29.73728678054153,21.37649516565472,47.35914423791304,16.68750329,3688876.55,118.69884289,1474.59858348,107.1289918193649,-50.83160452894875,5.379813761050244,-37.15327050582135,-60.93791261478871,12.5851858344046,-57.61875923671792,15.13065937540849,4.182155069379707,-1.277459424165407,5.674205074951889,-29.33413740381858,107.1289918193649,-50.83160452894875,5.379813761050244,4.695364915518197,1470.855521779444,104.8950427774042,7.214172655110843,-55.08539749292355,104.8950427774041,104.894327218851,-55.08537926530711,-7.224708425013604, 2095.734879,-10.78165492, 13.55483334,-10.78165492, 1505.011878, 3.979907608, 13.55483334, 3.979907608, 3150.439301,77.08075536,2480,45.48951612903226,4.22741935483871,35.42701612903226,116.78114354983,116.78114355404,141.9171203022365,-14.7066750515638,314.2528945626754,0.3451515191397858,0.8475569110864547,-0.4028811643133746,-0.01429960651853928,-0.04084649192274094,0.6093947198069689,-0.5289377292440384,0.58923214283604,-0.04135177427125931,0.6098480874895643,-0.5284149469231303,0.5891968981742561,2.8748697835006,-25.355924310452,0.0056408296984845,0.0056788458381292,-0.00014476440580972,20925732.31767935,35836.9870848964,2060.163362882411,20925763.00444067,-52.87135759742523,2060.163362882411,0.098268264786029,116.78114355404,3.2706509774077e-09,5.48774769,19.6969697,19.6969697,0.995423936,3.11593461,2060.83011,178.543053,3.11593461,-2.37181308,0,1,-0.523,0,-2.47692101,-0.174,0.348,0,-0.673381004,-1.68345251,-1.61913629,0,0,0.222427734,-1,148.627026,0,314.276043,-314.276043,360,30,0.5235,-0.0196878274,-2.49660884,0,0,0,-100,-73.5266,-8.73732679,-15.9620352,0,0,0,-0,0,0,0.002,0,0,0,0,0,0,0,-0.969325781,-0.270635758,0,0,-825,-1.5,1.29953,30.09,0,0,-0,-0,0,130,130,0.00564213591611678871,-0.000144397389740143011,20925763.0599969216,29.7372867805415275
23.75999062,39.77035179373571,16.29685935875454,36.93573285722072,30.35188822241587,-27.06119727392608,-40.46289178691568,39.77269405350471,16.29345101571652,36.93513844964652,16.31588641,3647571.453,117.369725494,1478.89845267,98.86331558557031,-62.7737637156077,7.819966943810519,-29.7844745905347,-38.41396165782044,7.123968660236113,-66.03730782227595,19.59691483184743,0.1959492991972044,-0.2327804148880613,6.330454167837014,-38.61615090884339,98.86331558557031,-62.7737637156077,7.819966943810519,-10.19353958433236,1475.093990929683,105.5198700934189,-7.642552863057892,-50.82126389416813,105.5198700934188,105.5206363255794,-50.82128785317317,7.631806665988141, 2095.734879,-10.78165492, 13.55483334,-10.78165492, 1505.011878, 3.979907608, 13.55483334, 3.979907608, 3150.439301,77.08075536,2480,45.48951612903226,4.22741935483871,35.42701612903226,116.77315693349,116.77315693795,152.412416312625,-24.16903200806005,307.9167701880466,0.2987355305098093,0.8313130471084359,-0.4617624691819969,0.08031888055280322,-0.1153034196879388,0.530999886721357,-0.5377483414142087,0.6446479372622241,-0.1158618367419573,0.53146554036885,-0.5372881329345296,0.6445478076876481,4.5226094583141,-32.332910891555,0.0057100174351287,0.0057484998626862,-0.00017962115593084,20925731.69880353,36190.47926431202,2085.432346852149,20925762.99389813,-65.60186054983205,2085.432346852149,0.099271002181805,116.77315693795,-3.2706509773997e-09,5.37716146,19.6969697,19.6969697,0.995424224,3.11014582,2086.4522,178.211356,3.11014582,-2.26701564,0,1,-0.523,0,-2.66009849,-0.174,0.348,0,-0.856983658,-2.14245914,-2.10614632,0,0,0.242369531,-1,168.857892,0,307.939452,-307.939452,360,30,0.5235,0.00680379288,-2.65329469,0,0,0,-100,-76.0458909,-9.03670572,-1.40489906,0,0,0,-0,0,0,0.002,0,0,0,0,0,0,0,-0.993384421,-0.27735293,0,0,-825,-1.5,1.29952,30.0767,0,0,-0,-0,0,130,130,0.00571127371112237041,-0.00017931435163300876,20925762.9411010332,39.7726940535047149
23.99999052,45.17546149073899,9.674281105317966,27.65401953003261,16.58574299468657,-26.11130691702762,-40.9311052053348,45.17732760335506,9.670546565792549,27.65418427738986,16.16641982,3630953.375,116.82441544,1483.89574394,92.88445096219479,-70.31205764422268,8.754276792359196,-18.70331735891771,-24.06897455573033,0.4479441418702912,-70.78696646614392,20.26111125127706,-7.711142161728074,0.6838433499116312,7.036406539377753,-43.71845986512095,92.88445096219479,-70.31205764422268,8.754276792359196,-26.68473568980091,1479.958353884007,104.6793891842668,-24.10024144173348,-45.9276374890878,104.6793891842668,104.6818359012699,-45.92772641791585,24.08944211248534, 2095.734879,-10.78165492, 13.55483334,-10.78165492, 1505.011878, 3.979907608, 13.55483334, 3.979907608, 3150.439301,77.08075536,2480,45.48951612903226,4.22741935483871,35.42701612903226,112.98925252259,112.98925252338,165.7912374909775,-29.9650051849334,301.0387150944559,0.2302543270679363,0.8187370823883295,-0.4995832608827472,0.1645268982096804,-0.1904692348952727,0.4625602038835222,-0.5160642909639533,0.6952964662167613,-0.1910775834693532,0.4630116105709691,-0.515659328531319,0.6951295292753854,5.3841714454242,-37.003297406312,0.0057791867568593,0.0058181353552985,-0.00021141964289446,20925727.29606359,36545.08178642588,2110.69422437984,20925759.20740419,-77.21540009652381,2110.69422437984,0.10027373957758,112.98925252338,0,5.25711675,19.6969697,19.6969697,0.995560454,3.10502602,2112.09466,177.917991,3.10502602,-2.15209074,0,1,-0.523,0,-2.89360297,-0.174,0.348,0,-0.956713382,-2.39178346,-2.37381305,0,0,0.274583203,-1,186.758858,0,301.06089,-301.06089,360,30,0.5235,0.0320033998,-2.86159957,0,0,0,-100,-78.3254383,-9.31055327,14.7788888,0,0,0,-0,0,0,0.002,0,0,0,0,0,0,0,-0.788295567,-0.220092122,0,0,-825,-1.5,1.2995,30.0659,0,0,-0,-0,0,130,130,0.00578031583184243549,-0.000211148594805731041,20925759.0535728745,45.1773276033550673
24.23999043,48.00424336522163,4.104671944756383,16.40967181690176,3.877443428420516,-18.82219834670789,-50.21411173507081,48.00573538783515,4.100887889666247,16.41062633198809,16.28777901,3644821.453,117.24865714,1488.61071963,89.97842348371526,-74.68684612846947,8.544350408109803,-3.788537305549077,-10.96357193560638,-2.125304959240509,-69.97227849554153,17.09805440771641,-16.67611418573503,1.051121308159535,7.717410456870164,-44.028071497136,89.97842348371526,-74.68684612846947,8.544350408109803,-43.69732045360462,1484.487774013132,101.7274181215514,-41.07965451931975,-41.36716074406642,101.7274181215514,101.7316380645398,-41.36733286074075,41.06902957002048, 2095.734879,-10.78165492, 13.55483334,-10.78165492, 1505.011878, 3.979907608, 13.55483334, 3.979907608, 3150.439301,77.08075536,2480,45.48951612903226,4.22741935483871,35.42701612903226,105.16594841331,105.16594841416,-179.8582149856079,-32.33901164127614,295.0069931487919,0.148610440388071,0.8102445848824862,-0.5157046853685212,0.2355150253491823,-0.259597410941325,0.4063561982979608,-0.4697292466547358,0.7394851311382561,-0.2602508693779553,0.4067711881215281,-0.4693699240175041,0.7392554091313918,5.4245407247532,-39.56813137818,0.0058471256155874,0.0058865321000783,-0.00024005995042383,20925718.84590275,36900.83048561263,2135.506286745262,20925751.38152446,-87.67547770446981,2135.506286745262,0.10127647697336,105.16594841416,3.2706509773837e-09,5.15184335,19.6969697,19.6969697,0.99584216,3.10055964,2137.29452,177.662067,3.10055964,-2.05128371,0,1,-0.523,0,3.13911804,0.174,0.348,0,-0.662009052,-1.65502263,-2.26129693,0,0,0.271515234,-1,-12932.7265,0,295.028724,-295.028724,360,30,0.5235,0.0559740057,3.19509204,0,0,0,-100,-80.3880569,-9.56202597,31.5070036,0,0,0,-0,0,0,0.002,0,0,0,0,0,0,0,-0.170012727,-0.0474675535,0,0,-825,-1.5,1.29949,30.0589,0,0,-0,-0,0,130,130,0.00584807457640964482,-0.000239816688213107985,20925751.1447679438,48.0057353878351591
24.47999033,47.26195234220019,0.7351751472470547,4.404022420444131,-10.11486920942166,-7.774260716810341,-49.07612921759089,47.26326253576917,0.7315960441567066,4.405734062151664,16.69958321,3691015.494,118.701053389,1492.38815676,90.79690439682905,-76.04727761135089,7.916678315781574,11.85446635598468,1.040804915915149,-3.754502107940272,-64.86634648294451,12.3874390538908,-23.40774091858457,0.4984971928707274,7.728628087358901,-41.35031324020628,90.79690439682905,-76.04727761135089,7.916678315781574,-59.91941660958467,1488.03561474221,96.86115433012444,-57.27010108808278,-37.78878641736124,96.86115433012442,96.86710343482126,-37.78905230280601,57.25986267800319, 2095.734879,-10.78165492, 13.55483334,-10.78165492, 1505.011878, 3.979907608, 13.55483334, 3.979907608, 3150.439301,77.08075536,2480,45.48951612903226,4.22741935483871,35.42701612903226,93.341207124293,93.3412071254,-166.6607042049444,-32.63981851409098,291.8676809251941,0.06400044297316587,0.8079145495581289,-0.5069060069748318,0.2936397861400187,-0.3132006883996659,0.3636057752170199,-0.4036763978701122,0.7789361558031673,-0.313895806540555,0.3639659335302375,-0.4033516991386323,0.7786562968779585,4.9830776473771,-39.841215576987,0.0059124664231762,0.0059523132922593,-0.0002660050683287,20925706.38657958,37257.5561277517,2159.369049286223,20925739.55427592,-97.151183338603,2159.369049286223,0.10227921436913,93.3412071254,-3.2706509773759e-09,5.09705201,19.6969697,19.6969697,0.996268076,3.09663243,2161.54368,177.437038,3.09663243,-2.00041958,0,1,-0.523,0,2.90877802,0.174,0.348,0,-0.654103582,-1.63525896,-1.64324744,0,0,0.294525,-1,-109.163674,0,291.88918,-291.88918,360,30,0.5235,0.0787755497,2.98755357,0,0,0,-93.3412071,-82.0871325,-9.77383478,47.4860279,0,0,0,-0,0,0,0.002,0,0,0,0,0,0,0,-0.0366668627,-0.0102373881,0,0,-825,-1.5,1.29947,30.0566,0,0,-0,-0,0,130,130,0.00591321233270063282,-0.000265778091046279554,20925739.257777188,47.2632625357691651
24.71999024,43.98065315746911,0.2930027301518824,-7.046928800346427,-16.53450759203297,4.60916062329802,-45.99612661037919,43.98197234410114,0.2898217823993982,-7.044562871040561,17.39757286,3767906.591,121.128753845,1495.05481277,95.23449048921047,-74.5295078965889,6.922375464399273,26.08388546672789,13.38052829067264,-4.537402368491264,-58.25267151395749,7.580032453678704,-27.11260911637844,-0.4313199343334524,7.433806118446756,-37.63801297256821,95.23449048921047,-74.5295078965889,6.922375464399273,-74.71385443554581,1490.427611405006,90.73184830554122,-72.03479745564066,-35.36798929402723,90.73184830554121,90.73940938083845,-35.3683538674264,72.02509380793927, 2095.734879,-10.78165492, 13.55483334,-10.78165492, 1505.011878, 3.979907608, 13.55483334, 3.979907608, 3150.439301,77.08075536,2480,45.48951612903226,4.22741935483871,35.42701612903226,77.7950014323,77.795001433302,-155.7575389206429,-32.81592899409974,292.0714805645054,-0.01276925094202391,0.8110089835930787,-0.4747808175364845,0.3415912031377393,-0.3447650432839207,0.3318848922043672,-0.3266742566805569,0.8150297008564396,-0.3454994935412689,0.3321791905209269,-0.3263749945019694,0.8147186313761505,4.1573865014739,-37.973113402259,0.0059741558945363,0.0060144185478494,-0.00028997850741888,20925690.19853509,37614.99476747515,2181.897845408449,20925724.00567499,-105.9067572767963,2181.897845408449,0.10328195176491,77.795001433302,6.5413019547368e-09,5.10060899,19.6969697,19.6969697,0.99682826,3.09309189,2184.45846,177.234165,3.09309189,-2.00751709,0,1,-0.523,0,2.71848189,0.174,0.348,0,-0.599289887,-1.49822472,-1.51467034,0,0,0.296058984,-1,-106.902741,0,292.092995,-292.092995,360,30,0.5235,0.100465048,2.81894694,0,0,0,-77.7950014,-82.4340561,-9.82795716,62.1971367,0,0,0,-0,0,0,0.002,0,0,0,0,0,0,0,-0.0079079885,-0.00220791039,0,0,-825,-1.5,1.29946,30.0598,0,0,-0,-0,0,130,130,0.00597470151296503136,-0.000289749684335429694,20925723.6713976711,43.9819723441011377
24.95999014,39.92360294024256,2.329195182261331,-17.73248353641768,-16.4427514381927,11.91396386639905,-42.83283771903134,39.92505492903563,2.326548852663473,-17.72959476995796,18.36602462,3872038.207,124.420050488,1496.67587759,102.8608151548713,-69.74632725872983,5.954116469278389,38.15226381900344,28.63018600826311,-3.454814849070178,-51.89229010571079,3.397332750660207,-28.38310764849971,-1.336128304333708,6.979434247396124,-33.98079927578132,102.8608151548713,-69.74632725872983,5.954116469278389,-87.90542957913732,1491.726726876587,84.03981400472719,-85.19850572314395,-34.04222742316435,84.03981400472721,84.04884291730717,-34.04269244982822,85.18941283025966, 2095.734879,-10.78165492, 13.55483334,-10.78165492, 1505.011878, 3.979907608, 13.55483334, 3.979907608, 3150.439301,77.08075536,2480,45.48951612903226,4.22741935483871,35.42701612903226,58.898647807539,58.898647814068,-147.2289133482513,-34.44939626713157,294.929777174353,-0.07437109043398718,0.8174728410464313,-0.4224066869185755,0.3844212349826793,-0.351285656059998,0.3061680204404877,-0.2460805513850115,0.8498846353100512,-0.3520589527511089,0.3063918406072531,-0.2458018196020888,0.8495645939405634,3.3128794782694,-34.09532606044,0.0060316016681651,0.0060722515125808,-0.00031272959577288,20925670.65357247,37972.87321517264,2202.876361436121,20925705.10706483,-114.215869913518,2202.876361436121,0.10428468916068,58.898647814068,-3.2706509773614e-09,5.15049567,19.6969697,19.6969697,0.997509507,3.08979052,2205.82909,177.044997,3.08979052,-2.06070515,0,1,-0.523,0,2.56962929,0.174,0.348,0,-0.528598847,-1.32149712,-1.33913672,0,0,0.302194922,-1,-106.193685,0,294.951502,-294.951502,360,30,0.5235,0.121096735,2.69072603,0,0,0,-58.8986478,-81.1034551,-9.68464577,75.5047671,0,0,0,-0,0,0,0.002,0,0,0,0,0,0,0,-0.00170552637,-0.000476182964,0,0,-825,-1.5,1.29945,30.069,0,0,-0,-0,0,130,130,0.00603195708302885821,-0.00031247046900651095,20925704.7523083724,39.9250549290356318
25.19999005,36.29729327632196,5.457291114383125,-27.70156676975905,-13.26216806709451,13.60752694523338,-40.1069582467937,36.29891287471843,5.455284389293572,-27.69827948229009,19.586211,3999406.807,128.445499231,1497.44131468,113.033060487985,-60.77627260086824,5.293221919579885,46.80384988851786,48.49926060206545,-2.005687873938594,-47.11124355127099,-0.00388832959786662,-28.82957272882505,-1.977666787403508,6.399651089579405,-31.75639306470922,113.033060487985,-60.77627260086824,5.293221919579885,-99.74985405311793,1492.120960455435,77.17186590600208,-97.0166670874066,-33.62314221875736,77.17186590600207,77.18223766081606,-33.62370932133274,97.00821941448703, 2095.734879,-10.78165492, 13.55483334,-10.78165492, 1505.011878, 3.979907608, 13.55483334, 3.979907608, 3150.439301,77.08075536,2480,45.48951612903226,4.22741935483871,35.42701612903226,37.011998325586,37.011998324629,-140.8421835800258,-38.34744808858139,299.6275975059464,-0.118002744178115,0.8245784890531418,-0.3523248325743921,0.4266296756071927,-0.3325780896875962,0.2813445255252308,-0.1656737818298139,0.8847537907412091,-0.3333908663952145,0.2814966288334945,-0.1654152108609961,0.8844478425410049,2.681143672462,-28.240121703654,0.0060845822893307,0.0061255892386305,-0.00033491788584183,20925648.11197519,38330.95107407912,2222.223749552319,20925683.21830996,-122.3194036787972,2222.223749552319,0.10528742655646,37.011998324629,3.2706509773549e-09,5.23248811,19.6969697,19.6969697,0.998299031,3.08660445,2225.5837,176.862435,3.08660445,-2.14588366,0,1,-0.523,0,2.45815983,0.174,0.348,0,-0.464244873,-1.16061218,-1.17536727,0,0,0.326738672,-1,-106.743984,0,299.649668,-299.649668,360,30,0.5235,0.140722201,2.59888203,0,0,0,-37.0119983,-77.9540604,-9.32563489,87.6825845,0,0,0,-0,0,0,0.002,0,0,0,0,0,0,0,-0.000367833098,-0.000102699001,0,0,-825,-1.5,1.29944,30.0844,0,0,-0,-0,0,130,130,0.00608474961388158226,-0.000334594771016350281,20925682.8570764102,36.2989128747184253
25.43998995,33.51638268511964,8.619521020749065,-37.07386264866894,-9.500772930236741,12.42328536230545,-37.86793084655051,33.51812093545428,8.618244498621396,-37.07028420201066,21.05429374,4147534.08,133.124400686,1497.49373288,124.6710798559131,-46.43203854061646,4.826355006929212,49.75035844802485,73.43441301581214,-2.118740757467526,-44.17761699580909,-3.101768945380982,-29.5678040910092,-2.129910231370372,5.641787742847989,-31.47115418175055,124.6710798559131,-46.43203854061646,4.826355006929212,-110.65470127779,1491.74951633954,70.18830101461849,-107.8966581315933,-33.97086432290244,70.18830101461845,70.19992782154716,-33.97153677118507,107.88888210276, 2095.734879,-10.78165492, 13.55483334,-10.78165492, 1505.011878, 3.979907608, 13.55483334, 3.979907608, 3150.439301,77.08075536,2480,45.48951612903226,4.22741935483871,35.42701612903226,12.41002671048,12.410026719106,-136.5569497098481,-44.69343942045139,305.8280404261882,-0.1439319374536385,0.8290609249943948,-0.2659475821198926,0.4703333536895541,-0.2898303729050676,0.2536089223307472,-0.08626326355998386,0.9188250751998048,-0.2906825104229027,0.2536888272864001,-0.08602798983954761,0.9185558458844277,2.216967672871,-20.413130544165,0.0061330156040047,0.0061743490178056,-0.00035708692932331,20925622.8490811,38689.03018181428,2239.910031584084,20925658.61439092,-130.4158742978834,2239.910031584084,0.10629016395224,12.410026719106,0,5.34070625,19.6969697,19.6969697,0.999187113,3.0834346,2243.70213,176.680803,3.0834346,-2.25727165,0,1,-0.523,0,2.38336839,0.174,0.348,0,-0.41441885,-1.03604712,-1.04698195,0,0,0.360486328,-1,-109.575895,0,305.850568,-305.850568,360,30,0.5235,0.159390521,2.54275891,0,0,0,-12.4100267,-72.888457,-8.73756936,99.1513127,0,0,0,-0,0,0,0.002,0,0,0,0,0,0,0,-7.93310392e-05,-2.21492261e-05,0,0,-825,-1.5,1.29943,30.1061,0,0,-0,-0,0,130,130,0.00613298420935996097,-0.000356670691764593591,20925658.2609460354,33.5181209354542773
25.67998986,1438.398279613321,639.3154932756439,336.3169670690227,-8140.174773759162,4474.410555801847,2935.128559000868,1438.395289640853,639.3177698564016,336.3187928697096,17.1132043,3739436.197,120.010756869,1512.52841567,-10.85370677473671,115.3841592015143,-31.16527905856147,1303.440850059316,-752.6512153951508,-3095.466672322713,72.59503393803675,-126.7358909863146,-251.6829436396121,283.8602326749044,-10.12758022292102,-98.44717876777246,-10.85370677473671,115.3841592015143,-31.16527905856147,101.231177469477,1508.059423180951,57.01958499534611,104.0449304279326,-18.05550174865082,57.01958499534611,57.00830408595429,-18.05481432970965,-104.0512311746163, 2095.734879,-10.78165492, 13.55483334,-10.78165492, 1505.011878, 3.979907608, 13.55483334, 3.979907608, 3150.439301,77.08075536,2480,45.48951612903226,4.22741935483871,35.42701612903226,7.2452619560063,7.2452619530519,-48.93429131291346,9.802105711917228,223.4266736377416,-0.3683828782367667,0.08042236208043416,-0.4121470474748227,0.8294342107468109,-0.5519175549122453,-0.5296663356184205,-0.03091427155778558,0.643338863513075,-0.5525196757066949,-0.5296371581961377,-0.03141018833616162,0.6428218172118731,-109.20132537587,74.03887114746,0.0061704283508898,0.0062120139179538,-0.00037854974141152,20925617.01717288,39047.40263704518,2253.573420177683,20925653.44809891,-138.2545236155056,2253.573420177683,0.10729290134801,7.2452619530519,0,3.90253109,19.6969697,19.6969697,0.999373632,3.08032042,2257.80954,176.50236,3.08032042,-0.822210667,0,1,-0.523,0,0.854064501,0.174,0.348,0,10.5349872,26.3374679,17.6863095,0,0,0.339010547,-1,-464.969989,0,223.443132,-223.443132,360,30,0.5235,0.159655826,1.01372033,0,0,0,-7.24526195,-66.5993239,-7.98709357,-112.038325,0,0,0,-0,0,0,0.002,0,0,0,0,0,0,0,-1.71094271e-05,-4.77695204e-06,0,0,-825,-1.5,1.29953,30.0947,0,0,-0,0,0,130,130,0.00616912454989808519,-0.000378183423924174553,20925653.5149389058,1438.39528964085275
25.91998976,-517.4369383073489,483.1117046621741,619.3295030361221,-2154.70636989492,-7386.404713523872,-929.2010453110132,-517.4385110126102,483.1078607018596,619.3290482056969,9.221780085,2744593.349,88.1194725829,1482.21058194,-79.96368714477043,-33.14984394968,16.49054373337556,-409.3986919887665,716.9539349657657,-658.6575390496238,-197.148238635712,-251.7536524359169,-68.80606982332823,61.26621008768972,13.95565118326842,302.2304050956473,-79.96368714477043,-33.14984394968,16.49054373337556,44.38153263398198,1480.378543203198,58.80355093495197,47.16892791335305,-45.63196341647644,58.80355093495198,58.79840778664165,-45.63163543740794,-47.17565619427594, 2095.734879,-10.78165492, 13.55483334,-10.78165492, 1505.011878, 3.979907608, 13.55483334, 3.979907608, 3150.439301,77.08075536,2480,45.48951612903226,4.22741935483871,35.42701612903226,24.555236440152,24.555236444272,-44.32740973590053,-56.33674398289293,132.7586424508537,0.4902926703096429,0.2672996741053467,-0.479880621154632,0.676667252868099,-0.007327353395484751,0.2895053630504804,0.6860155071596828,-0.6674696087416043,-0.006696552903403015,0.2888569096049387,0.6862888000485157,-0.6674762354426296,168.34751113373,-22.098007217374,0.0062050621658482,0.0062468811124828,-0.00039839262883946,20925633.65281402,39406.40885781132,2266.224310434674,20925670.75664891,-145.5016940855348,2266.224310434674,0.10829563874379,24.555236444272,3.2706509773399e-09,2.32007542,19.6969697,19.6969697,0.998748615,3.0774762,2270.88776,176.339386,3.0774762,0.757400782,0,1,0.523,0,0.773659249,0.174,0.348,0,7.88554307,19.7138577,12.6152286,0,0,0.446389453,-1,-543.867508,0,132.768422,-132.768422,0,-30,-0.5235,0.16894382,0.942603069,0,0,0,-24.5552364,-61.9017381,-7.41300845,-54.5886646,0,0,0,-0,0,0,0.002,0,0,0,0,0,0,0,-3.69001214e-06,-1.03025139e-06,0,0,-825,-1.5,1.29957,30.083,0,0,-0,0,0,130,130,0.00620577783275236446,-0.0003974285733256533,20925670.6445491537,-517.438511012610206
26.15998967,-191.0000088002066,-277.5279492010478,568.1708583424463,3226.202052673597,-1000.49473864825,2.757639817640578,-190.9984025906676,-277.5240952332207,568.1707056127518,8.364941388,2613737.218,83.9381150391,1504.46946057,50.8332888881535,56.23885141413407,36.03852783832465,729.4582374843707,-611.8636291811519,-121.1496329795836,-33.99616208212205,52.41840699377666,12.607638837306,24.02442184892944,1.743680443235956,-48.33390961367124,50.8332888881535,56.23885141413407,36.03852783832465,36.81720617266691,1502.384335157977,70.10107405399475,39.67186745058466,-23.61333322046694,70.10107405399472,70.09671838290832,-23.61304091295671,-39.67973698390014, 2095.734879,-10.78165492, 13.55483334,-10.78165492, 1505.011878, 3.979907608, 13.55483334, 3.979907608, 3150.439301,77.08075536,2480,45.48951612903226,4.22741935483871,35.42701612903226,34.507835656404,34.507835653353,142.9732122204092,56.68237522346177,45.59488442917878,0.4320578145065555,0.7109845756001952,0.462342782505483,-0.3067020209381031,0.6324389550651447,0.7195974795681572,0.02137734030346309,0.28590810558082,0.6321659659115435,0.7195767623604228,0.02206368849911871,0.2865112009395629,35.334935088522,42.06735383453,0.006247898098035,0.0062900057167858,-0.00042216187459517,20925642.92732264,39763.96768889696,2281.870014251814,20925680.7074743,-154.1828153815441,2281.870014251814,0.10929837613956,34.507835653353,0,0.798780855,19.6969697,19.6969697,0.998389397,3.07412658,2287.06925,176.147453,3.07412658,2.27534572,0,1,0.523,0,-2.4953533,-0.174,0.348,0,4.25363385,10.6340846,13.7606213,0,0,0.401903906,-1,-731.947475,0,45.598243,-45.598243,0,-30,-0.5235,0.135172889,-2.36018041,0,0,0,-34.5078357,-58.8388402,-7.04035682,-46.7200938,0,0,0,-0,0,0,0.002,0,0,0,0,0,0,0,-7.95829692e-07,-2.2219565e-07,0,0,-825,-1.5,1.29956,30.0679,0,-0,-0,-0,0,130,130,0.00624728737780419485,-0.00042108144705823577,20925681.037901476,-190.998402590667524
26.39998958,268.7808625436717,-48.01682929940843,507.0546156542412,309.7144957711074,-1525.082831586003,-212.4748811625381,268.7817190187071,-48.0205970327865,507.0530260193271,7.570043898,2486255.563,79.8601943935,1504.53677203,7.715192477652554,-79.16723068456488,7.1187105108901,-580.0115876774375,-14.41505592474419,259.2451467721205,-150.5533689913287,6.740731746608887,45.24636432420427,91.18101110691097,7.641685961763311,-87.91645495175675,7.715192477652554,-79.16723068456488,7.1187105108901,27.0562286442413,1502.651548635556,70.26508558412459,29.9373197693112,-23.32863651081757,70.26508558412461,70.26177423758213,-23.32840818482905,-29.94526842620115, 2095.734879,-10.78165492, 13.55483334,-10.78165492, 1505.011878, 3.979907608, 13.55483334, 3.979907608, 3150.439301,77.08075536,2480,45.48951612903226,4.22741935483871,35.42701612903226,42.910097707063,42.910097705194,144.1588083778778,-46.95018459850169,287.4825408323856,0.4517456988807494,0.6312389592066466,-0.6149988817855568,0.138706796246499,0.1154770670651275,-0.3482398497792738,0.7542972702480171,-0.5444535628537432,-0.116001082056395,0.3489657438168937,-0.7539617195323801,0.5443421571804304,42.697335796897,-82.446604352732,0.0062941676504436,0.0063365870850204,-0.00043698222560554,20925650.63897013,40124.79220439625,2298.769596970835,20925689.10783369,-159.5955980799627,2298.769596970835,0.11030111353534,42.910097705194,-3.2706509773286e-09,5.02051688,19.6969697,19.6969697,0.998086217,3.07227735,2304.29827,176.041492,3.07227735,-1.94823953,0,1,-0.523,0,-2.51604585,-0.174,0.348,0,-4.72226643,-11.8056661,-11.1489295,0,0,0.401903906,-1,603.314429,0,287.503717,-287.503717,360,30,0.5235,0.140581587,-2.37546427,0,0,0,-42.9100977,-56.9472939,-6.80923913,-36.7545076,0,0,0,-0,0,0,0.002,0,0,0,0,0,0,0,-1.71637623e-07,-4.79212244e-08,0,0,-825,-1.5,1.29955,30.0513,0,0,-0,-0,0,130,130,0.00629543947351165079,-0.000437050751208705672,20925689.0578474551,268.781719018707122
26.63998948,347.3974095409262,-45.99690251307008,451.9848123636698,-136.2932528910879,734.1030280236705,-150.4470060702191,347.3942039438527,-45.9949837105552,451.9866828309286,7.025946989,2395131.757,76.9421758968,1474.89829505,-10.60480378556228,31.19546477548782,69.53042172927445,411.1918406447792,479.2264304131953,-164.4428807084038,30.02619333829851,-64.29016521481473,-88.54472244966608,124.9947581263752,1.92390316827559,14.46684071031008,-10.60480378556228,31.19546477548782,69.53042172927445,15.37610978232211,1473.844145088534,53.59096906577625,18.22688480426792,-52.11417404759187,53.59096906577622,53.58893939719692,-52.1140269896291,-18.23327170168594, 2095.734879,-10.78165492, 13.55483334,-10.78165492, 1505.011878, 3.979907608, 13.55483334, 3.979907608, 3150.439301,77.08075536,2480,45.48951612903226,4.22741935483871,35.42701612903226,47.766159445047,47.766159444857,-86.47718069018116,29.31105349041811,208.3632537449508,0.3407121076517688,0.01632886644704881,0.6877089915821399,-0.6408626769574897,0.7272154094589226,0.4647301692362877,0.245321492964775,-0.4415891564980241,-0.7276439860184879,-0.4644916669947762,-0.2457727739219071,0.4408825971869058,98.671940539172,23.918726348688,0.0063363202429602,0.0063790237542276,-0.0004622678816698,20925654.80575043,40481.78798181354,2314.165195443668,20925693.96211462,-168.8305195034191,2314.165195443668,0.11130385093111,47.766159444857,-3.2706509773232e-09,3.63962482,19.6969697,19.6969697,0.997911029,3.06876642,2320.31023,175.840316,3.06876642,-0.570858402,0,1,-0.523,0,1.50931153,0.174,0.348,0,-5.90721282,-14.7680321,-14.6579215,0,0,0.285321094,-1,191.122603,0,208.378602,-208.378602,360,30,0.5235,0.159256765,1.6685683,0,0,0,-47.7661594,-55.8647036,-6.67708001,-24.9103517,0,0,0,-0,0,0,0.002,0,0,0,0,0,0,0,-3.70173083e-08,-1.03352325e-08,0,0,-825,-1.5,1.29954,30.0347,0,0,0,0,0,130,130,0.00633505755842450179,-0.000462086893255180767,20925693.9157553464,347.394203943852744
26.87998939,177.7060340845343,208.2526539050038,437.3879194059442,-1227.615579067263,396.63350893426,-2.686392296469018,177.7094703317993,208.2544156949432,437.3863242243254,6.458581811,2296277.826,73.7757935099,1478.1222841,66.31779062325501,16.5556903917989,27.76197886532475,24.99297581562428,-388.9008333257067,140.3178346117384,-32.85531781646496,36.63653661589669,31.63346146589858,15.3643944769916,3.574326911310643,-45.81853063866917,66.31779062325501,16.5556903917989,27.76197886532475,18.66660363065489,1477.126851045462,50.92455765695556,21.54868486360505,-48.83862524795491,50.92455765695554,50.92214582051896,-48.83843846461809,-21.55480692071363, 2095.734879,-10.78165492, 13.55483334,-10.78165492, 1505.011878, 3.979907608, 13.55483334, 3.979907608, 3150.439301,77.08075536,2480,45.48951612903226,4.22741935483871,35.42701612903226,53.00149602443,53.001496024628,97.33509036878618,29.59382173431512,341.044257469902,0.5982305849338636,0.7438523802907372,0.04682031377746048,-0.2942985929345771,0.4560994250366536,0.7340641151677049,-0.3899346444657785,0.3179216292573301,-0.4557876238105264,-0.7344459218624675,0.3892150305309249,-0.3183684812439124,22.715179287279,12.967919156831,0.0063689327169006,0.0064118560085087,-0.00049663317420705,20925659.35256467,40835.46857416401,2326.076578764997,20925699.19601664,-181.3815346051269,2326.076578764997,0.11230658832689,53.001496024628,6.541301954638e-09,5.95534519,19.6969697,19.6969697,0.997722187,3.06377267,2333.13175,175.554174,3.06377267,-2.89157252,0,1,-0.523,0,-1.6988178,-0.174,0.348,0,-3.70333569,-9.25833923,-10.4387259,0,0,0.151864453,-1,307.657255,0,341.069379,-341.069379,360,18.9306207,0.330339332,0.175986628,-1.52283118,0,0,0,-53.001496,-55.3401483,-6.6114867,-28.1662936,0,0,0,-0,0,0,0.002,0,0,0,0,0,0,0,-7.98357114e-09,-2.22901306e-09,0,0,-825,-1.5,1.29955,30.0189,0,-0,-0,-0,0,130,130,0.00636933580746518093,-0.000495906105050548181,20925699.720392216,177.709470331799338
27.11998929,-6.203981356671604,65.49615117490313,421.4974609746935,77.53408663202995,-1390.004558122579,-88.8428144094995,-6.203456108596719,65.49211802206263,421.4984170584134,6.092789917,2230234.039,71.6596515844,1486.03097751,9.901342607916007,-46.88651806684245,53.27967251519764,-274.2790951887932,-67.98859713830501,-14.95217151841508,-133.7284558230448,3.088441942640545,1.436153636623493,99.90640349941062,7.53712865209637,-16.79958508859061,9.901342607916007,-46.88651806684245,53.27967251519764,-0.8922115438394371,1484.871010023136,58.69713518670947,2.030296542131256,-41.05642315183515,58.69713518670949,58.69690626958666,-41.05640451790956,-2.037279470156196, 2095.734879,-10.78165492, 13.55483334,-10.78165492, 1505.011878, 3.979907608, 13.55483334, 3.979907608, 3150.439301,77.08075536,2480,45.48951612903226,4.22741935483871,35.42701612903226,56.349844358861,56.349844359331,144.9502031499401,-80.37148501157878,318.7884682284274,0.4318781526286273,0.613509918426636,-0.4382571380557458,0.4949924466266266,-0.004541650944473494,0.08375757596192203,-0.6152786941222934,0.7838342748533308,0.005316712083504917,-0.08436592888978804,0.6151955729801825,-0.7838294008269717,79.472410811729,-40.866179121195,0.0064052768085076,0.0064484450334186,-0.00052580803498859,20925662.00252492,41191.04127551038,2339.350627604509,20925702.54278022,-192.0368765132444,2339.350627604509,0.11330932572267,56.349844359331,0,5.56690839,19.6969697,19.6969697,0.997601425,3.05968648,2347.21317,175.320035,3.05968648,-2.50722191,0,1,-0.523,0,-2.5298583,-0.174,0.348,0,-0.0914768954,-0.228692239,-0.569735669,0,0,0.00306796875,-1,831.416624,0,318.811951,-318.811951,360,30,0.5235,0.178945659,-2.35091264,0,0,0,-56.3498444,-55.3162269,-6.60677662,-8.64405609,0,0,0,-0,0,0,0.002,0,0,0,0,0,0,0,-1.72182701e-09,-4.80734102e-10,0,0,-825,-1.5,1.29953,30.0041,0,-0,-0,-0,0,130,130,0.00640613043476326565,-0.000524970687768540182,20925702.4357960373,-6.20345610859671925
27.3599892,158.8334521974107,-174.7425870190189,394.0220760615563,992.3697294597221,-161.9223498140519,-195.4966684651324,158.8299673860734,-174.7423446609132,394.024368147058,6.175756398,2245427.769,72.1428477342,1473.58922934,-9.755244658475767,-21.92516141733223,68.03464542180443,160.7143725568674,230.2738282917571,104.1315904431917,-15.63869092375424,-69.88750123386878,-80.75620483118117,106.8454198387934,6.538173530948143,14.55500291424345,-9.755244658475767,-21.92516141733223,68.03464542180443,-23.60279748375193,1472.737418747075,44.18846222834623,-20.67926223809494,-53.1445048746864,44.18846222834625,44.19080198260617,-53.14470544665976,20.67374620902834, 2095.734879,-10.78165492, 13.55483334,-10.78165492, 1505.011878, 3.979907608, 13.55483334, 3.979907608, 3150.439301,77.08075536,2480,45.48951612903226,4.22741935483871,35.42701612903226,53.457135725766,53.4571357268,-91.70819979572988,5.085157074015715,213.1358235569226,0.2289201452298775,-0.1747997296758473,0.6959102225373697,-0.6578370495655983,0.6539696518658831,0.3415938777897151,0.3301731920896288,-0.5887469578013514,0.6545566373443206,0.3412643400003393,0.3305137884600313,-0.5880942903909425,98.159819331918,-17.692789453767,0.0064402700421773,0.0064836741092685,-0.00055572924500183,20925658.40598714,41546.32910469964,2352.130615504581,20925699.64852615,-202.9647448032338,2352.130615504581,0.11431206311844,53.4571357268,3.2706509773097e-09,3.72292188,19.6969697,19.6969697,0.997705753,3.05551613,2360.8652,175.081074,3.05551613,-0.667405749,0,1,-0.523,0,1.60061004,0.174,0.348,0,-2.24401014,-5.61002535,-4.57057524,0,0,0.144194531,-1,20.4837466,0,213.151523,-213.151523,360,30,0.5235,0.195749796,1.79635983,0,0,0,-53.4571357,-55.3192218,-6.60873455,14.0650117,0,0,0,-0,0,0,0.002,0,0,0,0,0,0,0,-3.71348702e-10,-1.03680558e-10,0,0,-825,-1.5,1.29951,29.992,0,0,0,0,0,130,130,0.00643927962664230837,-0.000555573142964629028,20925699.4447020628,158.829967386073434
27.5999891,298.4782636193265,-61.54537510841537,341.7916331067275,-35.64019425704532,927.4818560180365,-168.0315539770676,298.4803645870672,-61.54176370763889,341.7916283698128,6.405657702,2286933.146,73.4686993729,1464.47954316,47.96910156150817,14.81488279512925,53.63892551765449,170.7213031004533,7.258029703602985,-149.7721047087106,24.91769555801103,4.728354852381767,24.54579370158565,44.29091159533596,2.57740985987211,-43.81311184645484,47.96910156150817,14.81488279512925,53.63892551765449,-16.97726311340229,1463.917000506043,36.86625135740402,-14.04675391415142,-61.97756047851647,36.86625135740401,36.86784679460899,-61.97770625316163,14.04192251318306, 2095.734879,-10.78165492, 13.55483334,-10.78165492, 1505.011878, 3.979907608, 13.55483334, 3.979907608, 3150.439301,77.08075536,2480,45.48951612903226,4.22741935483871,35.42701612903226,49.096869226545,49.096869220155,26.63126997358646,37.55205335998246,309.3599815453246,0.80111740664076,0.3310650314345924,0.1898687663704662,-0.4610387156143751,0.7007080145708138,0.5601049073729308,-0.432260766792279,-0.09187709477960078,0.7008001167393244,0.5605396126696318,-0.4316969080260682,-0.09117191786433337,48.193846462094,11.633399104189,0.0064653778715025,0.0065089511614291,-0.00059461874326886,20925653.34282321,41898.33847367451,2361.300064091286,20925695.28707739,-217.1680137667863,2361.300064091286,0.11531480051422,49.096869220155,-3.2706509773065e-09,5.40235025,19.6969697,19.6969697,0.997863027,3.04988097,2371.25988,174.758179,3.04988097,-2.35246928,0,1,-0.523,0,-0.464803345,-0.174,0.348,0,-5.36225925,-13.4056481,-13.0571585,0,0,0.276117188,-1,406.882387,0,309.382769,-309.382769,360,30,0.5235,0.211734385,-0.25306896,0,0,0,-49.0968692,-54.9163372,-6.56299826,7.47892425,0,0,0,-0,0,0,0.002,0,0,0,0,0,0,0,0.782714009,0.218533751,0,0,-825,-1.5,1.29951,29.9842,0,-0,-0,-0,0,130,130,0.00646487631073179407,-0.000594871273829750938,20925695.8748652078,298.480364587067186
27.83998901,206.419353693091,102.3626783458071,321.7883704206225,-560.5815368985419,185.8106258174893,-27.99121494885046,206.4227587396535,102.3603309825104,321.7877772537696,6.574433953,2316940.125,74.4264976955,1471.50874817,58.60629772894599,-8.788434181937642,45.02631286654623,-75.76951438646003,-136.0594382096054,81.24930495192596,-62.82894124577889,42.24199752729029,34.51396796395657,36.52336210241688,4.344505388616162,-50.6629699860072,58.60629772894599,-8.788434181937642,45.02631286654623,-21.43620142734044,1470.623692323527,46.30810704419762,-18.46748567037515,-55.26133145534804,46.30810704419759,46.31021345802117,-55.26153567940872,18.46159156319315, 2095.734879,-10.78165492, 13.55483334,-10.78165492, 1505.011878, 3.979907608, 13.55483334, 3.979907608, 3150.439301,77.08075536,2480,45.48951612903226,4.22741935483871,35.42701612903226,45.621757578105,45.621757577319,99.52478946920677,-33.05933936979235,346.5272764429497,0.6404642935761021,0.7052138484806052,-0.2683578586330867,0.1430488597476483,-0.2630856436475699,-0.3974729080510461,0.6426515118696188,-0.5998335317099915,0.2624766399882113,0.3981250343043121,-0.6422477212128139,0.6001002708861549,37.534515992575,-6.7814257200911,0.0064925896342084,0.0065363463245993,-0.00063362011324069,20925649.15888165,42250.30861310991,2371.238012347516,20925691.81068169,-231.412144628157,2371.238012347516,0.11631753790999,45.621757577319,-3.2706509773029e-09,6.05104192,19.6969697,19.6969697,0.997988388,3.04430944,2382.49793,174.438931,3.04430944,-3.00673248,0,1,-0.523,0,-1.73703526,-0.174,0.348,0,-3.9742526,-9.93563149,-10.5121927,0,0,0.337476563,-1,220.263067,0,346.552802,-346.552802,360,13.4471979,0.234653603,0.22149515,-1.51554011,0,0,0,-45.6217576,-54.2028663,-6.47961566,11.9819759,0,0,0,-0,0,0,0.002,0,0,0,0,0,0,0,-0.514712512,-0.143707733,0,0,-825,-1.5,1.29951,29.9795,0,-0,-0,-0,0,130,130,0.00649376838941918486,-0.000633027315100285148,20925692.0706245415,206.422758739653489
28.07998891,116.1231255222364,42.01744992010217,311.2043324377426,-53.79082798079522,-627.532001902598,-66.86426198884132,116.1215541153514,42.0142285881432,311.2064795297915,6.982772069,2387962.708,76.6952130133,1480.58816959,30.39478844190066,-30.8352045373928,63.30483943480061,-99.94757047508681,-44.28686520501859,43.18207381409711,-105.7345001511041,14.08366709092729,-58.45904485160965,85.05815495777672,6.456079602673284,-41.81130002024791,30.39478844190066,-30.8352045373928,63.30483943480061,-44.21538825507372,1479.247309530709,44.87454302747187,-41.20411019958023,-46.59026067638018,44.87454302747187,44.87926588011801,-46.59074014457262,41.19842382906436, 2095.734879,-10.78165492, 13.55483334,-10.78165492, 1505.011878, 3.979907608, 13.55483334, 3.979907608, 3150.439301,77.08075536,2480,45.48951612903226,4.22741935483871,35.42701612903226,38.687375117093,38.687375118391,-89.12094465914943,-64.23024231822164,210.1328052931798,0.2033280322934421,0.5202454720631381,-0.4754047523697729,0.6797004351224989,-0.1924098642254833,-0.1128031088285468,-0.4799248709156933,0.8484845437978827,-0.1932784523498739,-0.1123116966928009,-0.4800401086063686,0.8482871075127852,64.352767302358,-23.706310213352,0.0065238236306156,0.0065677908366247,-0.00066672194679688,20925641.50519653,42604.42621723056,2382.644572301175,20925684.8748576,-243.5015890702271,2382.644572301175,0.11732027530577,38.687375118391,3.2706509772988e-09,3.67050932,19.6969697,19.6969697,0.998238577,3.03974821,2395.05049,174.177572,3.03974821,-0.630761113,0,1,-0.523,0,1.55545392,0.174,0.348,0,-1.89195084,-4.72987711,-4.96544075,0,0,0.435651562,-1,115.34944,0,210.148284,-210.148284,360,30,0.5235,0.228951268,1.78440519,0,0,0,-38.6873751,-53.0948359,-6.35083931,34.8475845,0,0,0,-0,0.334185421,0.134125319,0.0592265028,0.168548122,0.0441174709,0.0398160599,-0.0588232946,-0.045199191,0.0850152509,0.0425076254,-0.120811969,-0.0337307018,0,0,-825,-1.5,1.29949,29.9778,0,-0,-0,-0,0,130,130,0.00652395914616170358,-0.000665815545822040608,20925684.6436432898,116.121554115351358
28.31998882,168.7537656761095,-101.984788516756,288.1607372396259,429.7500515206939,-371.2563442687937,-143.2851564058106,168.7512997111294,-101.9831632135962,288.16369252469,7.749913298,2516003.78,80.7839625145,1474.31021042,25.34769104898846,-29.23783854631065,70.91327065632007,76.76746984479865,59.07898144905752,18.07579583603833,-4.217659800394294,-61.04646965314145,-82.48725961041751,99.40665438911896,6.3952276219452,-37.18196958934852,25.34769104898846,-29.23783854631065,70.91327065632007,-59.25734529398932,1472.926182573579,23.82486682513947,-56.23404165324092,-52.87869967820254,23.82486682513947,23.83133532331718,-52.87938509063727,56.23065612897744, 2095.734879,-10.78165492, 13.55483334,-10.78165492, 1505.011878, 3.979907608, 13.55483334, 3.979907608, 3150.439301,77.08075536,2480,45.48951612903226,4.22741935483871,35.42701612903226,26.478287208825,26.478287207489,-63.56409703599597,3.230518288213297,233.7605166753903,-0.3974238506918048,0.2166637624455226,-0.480429353350246,0.7511981984694271,-0.6207351575561856,-0.3780126443353762,-0.05865574764435327,0.6843637981107387,-0.6214414753095791,-0.3779518770709382,-0.05904603820491373,0.6837224851911133,70.330754708857,-21.218542316008,0.0065467423963978,0.0065908640889794,-0.00069835750080897,20925628.57006843,42959.06826285904,2391.013617015826,20925672.66467095,-255.0554436951716,2391.013617015826,0.11832301270154,26.478287207489,0,4.08289068,19.6969697,19.6969697,0.998679198,3.035322,2404.57578,173.923951,3.035322,-1.04756867,0,1,-0.523,0,1.10940278,0.174,0.348,0,-2.62550131,-6.56375327,-6.16673127,0,0,0.549166406,-1,61.2485942,0,233.777736,-233.777736,360,30,0.5235,0.2433166,1.35271938,0,0,0,-26.4782872,-51.1622404,-6.12592196,50.1047342,0,0,0,-0,0.301012576,0.120811397,0.184469852,0.718347251,0.188027393,0.185527393,-0.250703191,-0.202199191,0.387726584,0.193863292,-0.0260556731,-0.00727474394,0,0,-825,-1.5,1.29947,29.9807,0,-0,-0,-0,0,130,130,0.00654548213534805919,-0.000698288469679724183,20925672.6152757592,168.751299711129377
28.55998872,249.626297688318,-106.3819628710071,246.5097467037372,107.1245002669146,313.3421622573497,-179.2881525568436,249.6284183837013,-106.3783648668363,246.5098621183497,8.563603353,2645104.472,84.9031061523,1459.73812932,53.89122784258568,-13.18748140871936,64.26790279778454,119.8107095813652,55.68015121367734,-68.93220378358043,37.56405671350484,-37.34111216521743,34.80993434987482,64.42741516224037,4.294590750069061,-57.43589262467355,53.89122784258568,-13.18748140871936,64.26790279778454,-51.89342399599615,1458.707170529713,17.77271482612548,-48.87502841567996,-67.11109922649146,17.77271482612548,17.77834715606315,-67.11172886370898,48.87211531778426, 2095.734879,-10.78165492, 13.55483334,-10.78165492, 1505.011878, 3.979907608, 13.55483334, 3.979907608, 3150.439301,77.08075536,2480,45.48951612903226,4.22741935483871,35.42701612903226,13.665870204568,13.665870203195,5.948361600460164,12.96292694638533,301.3875666617775,0.8624086755373771,0.100134798383556,0.07306748307901022,-0.4908008164490463,0.661447593464496,0.4178669019454945,-0.55818931641837,-0.2762227731286732,-0.6617348693307504,-0.4184479254194102,0.557753883372697,0.2755338491123775,50.018810610434,-8.935581757796,0.0065587847065869,0.0066029875854205,-0.00073812487560473,20925615.03220413,43310.73872362813,2395.410265589116,20925659.85156557,-269.5791942617943,2395.410265589116,0.11932575009732,13.665870203195,0,5.26320536,19.6969697,19.6969697,0.999141764,3.0295243,2410.53016,173.591743,3.0295243,-2.23368106,0,1,-0.523,0,-0.103818495,-0.174,0.348,0,-4.47831141,-11.1957785,-10.7093614,0,0,0.658079297,-1,224.69072,0,301.409767,-301.409767,360,30,0.5235,0.256981325,0.15316283,0,0,0,-13.6658702,-48.1782819,-5.77480984,43.0973055,0,0,0,-0,-0.452301592,-0.220994558,-0.183744255,-0.00972675439,-0.00339463728,0.109467746,0.00254597796,-0.171290328,0.280758074,0.140379037,-0.00561946072,-0.00156895343,0,0,-825,-1.5,1.29948,29.9885,0,-0,-0,-0,0,130,130,0.00655826922111319485,-0.000738982495485218725,20925660.3282109611,249.628418383701302
28.79998863,-517.8504506489859,-222.6998725339296,346.8762854512121,83480.44829893336,13312.07090220959,-42060.26724987343,-517.8466289876696,-222.6989480100451,346.8748724884294,6.754621187,2349337.87,75.395927082,1458.4117158,31.25292974392784,-60.17396600172733,-32.9680757491878,-2108.748361321905,1542.46033482578,-2521.996918149888,2796.083194609015,109.8638442419274,-533.2829342002918,-1629.268807458654,1450.525014829751,-1880.720737886223,31.25292974392784,-60.17396600172733,-32.9680757491878,-22.50405829865052,1457.998709130534,26.42090695112406,-19.46288707410904,-67.87987568624911,26.42090695112404,26.4231548726475,-67.88014175194201,19.45890703180556, 2095.734879,-10.78165492, 13.55483334,-10.78165492, 1505.011878, 3.979907608, 13.55483334, 3.979907608, 3150.439301,77.08075536,2480,45.48951612903226,4.22741935483871,35.42701612903226,6.1247203238308,6.1247203222932,-34.97029166328535,-23.82086556279628,0.7164284612202998,0.9336304719084006,-0.292753664247195,-0.1986806053833161,-0.05617340152115132,-0.5196401036627386,0.1672787307174427,0.8006937116456319,0.2467419077621003,-0.5198989119590394,0.1664378588902899,0.8008689235744592,0.2461961163879514,-46.529830814914,-52.94964795353,0.0065740676730789,0.0066183735674198,-0.00078327560788619,20925606.76365006,43660.45362616267,2400.991070755161,20925652.3095528,-286.0691166695542,2400.991070755161,0.1203284874931,6.1247203222932,-9.8119529318763e-09,0.0155040355,19.6969697,19.6969697,0.999414102,3.02300543,2417.97234,173.218211,3.02300543,3.00750139,0,1,0.523,0,0.61034673,0.174,0.348,0,10.031496,25.0787399,26.4599679,0,0,0.822215625,-1,-553.332886,0,0.716481234,-0.716481234,0,-0.716481234,-0.0125025975,0.265562033,0.875908763,0,0,0,-6.12472032,-44.4391187,-5.32997247,14.1289346,0,0,0,-0,0.156043366,0.0626280048,0.00428506552,-0.733637452,-0.256039471,-0.047532254,0.192029603,-0.014290328,-0.0332419261,-0.016620963,-0.00121195661,-0.000338378285,0,0,-825,-1.5,1.29951,29.9954,0,0,0,-0,0,130,130,0.00657469444860096178,-0.000784460163039741058,20925652.3592584059,-517.846628987669646
29.03998853,-326.9024923351156,-217.3915305646528,330.1626499232633,2436.837188479749,-644.8419713818156,228.3266967993131,-326.900772153772,-217.3894056731746,330.159490474608,16.59574458,3681974.812,118.207291643,1437.78949507,-25.12138376440643,-61.25874036406944,-97.924698643472,-370.4429548884384,716.7667022662328,-324.7516625369274,-276.8092711881023,-107.5877265376073,205.9036011171988,325.9315000565637,13.22222749951187,-85.94504122033993,-25.12138376440643,-61.25874036406944,-97.924698643472,66.14033896188138,1435.898473339096,32.55244930978058,69.15873895132103,-90.16856807248885,32.55244930978058,32.54444280028964,-90.16756415948569,-69.16381578549264, 2095.734879,-10.78165492, 13.55483334,-10.78165492, 1505.011878, 3.979907608, 13.55483334, 3.979907608, 3150.439301,77.08075536,2480,45.48951612903226,4.22741935483871,35.42701612903226,21.626462478191,21.626462479696,0.3024183191168455,-61.33993131277446,329.165110480102,0.8295229383586359,-0.1334190811174082,-0.492337947729544,-0.2273640005719945,-0.2383698389734174,-0.06643707188398743,0.9347110776388543,0.2551100481879938,-0.2386398195701238,-0.06742672026861431,0.9346402091581147,0.2548575157499426,-104.38824963305,-31.213697645612,0.00658842543457,0.0066328280598516,-0.00083170159914973,20925621.53464578,44009.0205342453,2406.236616928535,20925667.81043922,-303.7555563489077,2406.236616928535,0.12133122488887,21.626462479696,0,5.74801496,19.6969697,19.6969697,0.998854343,3.01602009,2425.33088,172.817951,3.01602009,-2.73199487,0,1,-0.523,0,-0.00527819539,0.174,0.348,0,6.75918098,16.8979524,18.4758022,0,0,0.825283594,-1,-610.057359,0,329.189357,-329.189357,360,30,0.5235,0.270288011,0.265009816,0,0,0,-21.6264625,-41.4136592,-4.96068279,-74.1244986,0,0,0,-0,-0.313682824,-0.153265428,-0.0466735385,-0.719276309,-0.251027432,-0.204532254,0.188270574,0.142709672,-0.347241926,-0.173620963,-0.000261384237,-7.2978479e-05,0,0,-825,-1.5,1.29959,30.0197,0,-0,-0,0,0,130,130,0.00658873656436058906,-0.000833006369491011422,20925667.8634089157,-326.900772153771982
29.27998844,67.93023723071697,-151.4301100155204,349.8719665768965,650.9792549794627,686.7264592886892,-30.89424330397428,67.93189556762954,-151.429274011507,349.8682239415377,15.69736645,3580635.707,114.978207125,1458.64328428,-27.98720617745821,41.16553081215379,-103.644119355552,281.3362454884041,18.28591909553973,-59.61618809960187,-36.71783596017499,250.4945822966233,190.611474595725,305.238988446299,1.43192875515242,-77.22320722059412,-27.98720617745821,41.16553081215379,-103.644119355552,11.30473030250756,1455.822000578532,89.97075346605921,14.38937783466232,-70.12986125706206,89.97075346605916,89.96907676609236,-70.12963781377621,-14.40094578905804, 2095.734879,-10.78165492, 13.55483334,-10.78165492, 1505.011878, 3.979907608, 13.55483334, 3.979907608, 3150.439301,77.08075536,2480,45.48951612903226,4.22741935483871,35.42701612903226,30.475562132895,30.475562135547,-103.6259562321987,2.40714074737939,66.59301063570921,-0.5075648631080857,0.6639522275504108,0.4205409672913736,-0.3531156242628655,-0.06149526135650818,0.7191678689448643,0.6562679252775911,0.21983702909165,-0.06172991663410016,0.7184668504534176,0.6570353097592229,0.2197712536286201,-105.11127232007,20.979198497003,0.0066286930243059,0.0066733670135693,-0.00088967521570583,20925629.65349776,44354.08684754649,2420.944242367018,20925676.65751304,-324.9289224053355,2420.944242367018,0.12233396228465,30.475562135547,0,1.16526729,19.6969697,19.6969697,0.998534921,3.00817419,2442.64864,172.368381,3.00817419,1.84290689,0,1,0.523,0,1.80861413,0.174,0.348,0,-0.739560095,-1.84890024,-0.764616876,0,0,0.656545313,-1,-54.45189,0,66.597916,-66.597916,0,-30,-0.5235,0.239153682,2.04776781,0,0,0,-30.4755621,-40.0692776,-4.79610198,-19.1970478,0,0,0,-0,-0.595769882,-0.291093164,-0.32537439,-0.0093788607,-0.00327322239,-0.0786989207,0.00245491679,0.0245218778,-0.103220798,-0.0516103992,-5.63730682e-05,-1.57393606e-05,0,0,-825,-1.5,1.29954,30.041,0,0,-0,0,0,130,130,0.00662938992346091913,-0.000889208635310336621,20925676.4078487344,67.9318955676295388
29.51998834,115.6925710167938,-15.02890648404806,336.0973597707978,-101.3322151319169,441.5411038531956,-85.73598572265786,115.6918492867577,-15.03068648590897,336.0936493796345,15.00463735,3500537.743,112.422654561,1500.01050168,23.10920777994004,-13.63950412224775,-109.173172994397,77.69109086603848,-349.2899877755805,75.41139444983595,171.1610182285781,38.25455029551419,-82.94317213818977,217.7230189172839,7.759221603656597,47.32069308673562,23.10920777994004,-13.63950412224775,-109.173172994397,41.4448828981424,1496.181140539628,98.77156236086275,44.64102695873119,-29.83639454501554,98.77156236086276,98.76631060989745,-29.83567825794996,-44.65312363070636, 2095.734879,-10.78165492, 13.55483334,-10.78165492, 1505.011878, 3.979907608, 13.55483334, 3.979907608, 3150.439301,77.08075536,2480,45.48951612903226,4.22741935483871,35.42701612903226,36.604087725282,36.604087725793,-9.038586762898612,77.95471570251819,145.9263464006036,0.1796698421886139,-0.6174869150282329,0.1251526915542872,0.7554902126259161,-0.2155405954729554,0.970847484265318,0.03855433485548385,-0.09752423935985541,-0.2154355037713994,0.9708054252937394,0.03959925075916685,-0.09775617256377182,-78.048346879316,-6.9684886903038,0.0066944408796305,0.0067395579623876,-0.00091933381725824,20925635.02289632,44709.48887140358,2444.957518739901,20925682.78305693,-335.7609931625266,2444.957518739901,0.12333669968042,36.604087725793,0,2.54989521,19.6969697,19.6969697,0.998313751,3.00511835,2467.90018,172.193282,3.00511835,0.455223144,0,1,0.455223144,0,0.157753099,-0.174,0.348,0,-2.22134571,-5.55336427,-4.97035729,0,0,0.498544922,-1,1049.45458,0,145.937096,-145.937096,0,-30,-0.5235,0.201958571,0.359711669,0,0,0,-36.6040877,-39.3902171,-4.71240762,-49.3655312,0,0,0,-0,-0.128490463,-0.0627804402,-0.107185213,-0.00202275114,-0.000705940148,-0.00320594015,0.000529455111,0.00302945511,-0.00623539526,-0.00311769763,-1.21580533e-05,-3.39452849e-06,0,0,-825,-1.5,1.29957,30.0543,0,-0,0,-0,0,130,130,0.00669536052489039767,-0.000918672821446634498,20925683.2053037025,115.691849286757716
29.75998825,71.61059099289385,63.35227006984876,315.5951379896553,-233.9999502458823,175.0350806192342,-65.34281956802417,71.60816437338212,63.35153483392017,315.5918172594149,13.65634427,3339112.029,107.275382353,1483.15703074,10.10259954219432,-74.22991968632702,-76.78453076520039,-122.2246806077614,-110.0776692229291,126.3727668594381,0.5574401449237172,-150.5811638213198,-142.3078351284568,207.9871520255708,10.14675153941591,24.81106288966116,10.10259954219432,-74.22991968632702,-76.78453076520039,65.68237540072928,1480.130461541376,68.22331127749459,68.86921595834352,-45.94146874663058,68.22331127749462,68.2151424567644,-45.94033674026078,-68.87806224608309, 2095.734879,-10.78165492, 13.55483334,-10.78165492, 1505.011878, 3.979907608, 13.55483334, 3.979907608, 3150.439301,77.08075536,2480,45.48951612903226,4.22741935483871,35.42701612903226,51.04063187167,51.040631871329,94.33286238690745,11.22868035885683,233.6897847070898,-0.2415295313627272,-0.3889121328491141,0.6211276669428561,0.6360906065652745,-0.2684540254548803,0.7247917384186185,-0.6099807925941304,-0.1747363866040039,-0.268264266895789,0.7254531812068226,-0.609193986584362,-0.1750275740939647,-82.504603131995,-43.785198994007,0.0067500887920781,0.0067955808814936,-0.00094176811641973,20925648.68898574,45067.54745352334,2465.283064901314,20925697.21706732,-343.9547314329175,2465.283064901314,0.1243394370762,51.040631871329,3.2706509772683e-09,4.08165617,19.6969697,19.6969697,0.997792913,3.00296813,2489.15549,172.070074,3.00296813,-1.07868804,0,1,-0.523,0,-1.64641904,-0.174,0.348,0,-1.5062244,-3.765561,-4.00827557,0,0,0.31906875,-1,144.027395,0,233.706999,-233.706999,360,30,0.5235,0.21139407,-1.43502497,0,0,0,-51.0406319,-39.7763363,-4.75285826,-73.6309205,0,0,0,-0,-0.0277117006,-0.0135399369,-0.0411819377,-0.000436249422,-0.000152251048,-0.00265225105,0.000114188286,0.00261418829,-0.00526643933,-0.00263321967,-2.6221428e-06,-7.3210227e-07,0,0,-825,-1.5,1.29959,30.059,0,0,0,-0,0,130,130,0.00675043277692639714,-0.000942603786379746017,20925697.7375786342,71.6081643733821238
29.99998815,25.92968756551984,83.22193695638062,303.2476405161728,-126.4489375609882,-10.65130318073796,-43.0106078149459,25.92876711268621,83.2229600136592,303.2436955923661,12.29497184,3167901.991,101.808608548,1444.6263134,-13.36544685991972,-75.61045557030216,-66.85369558374224,-50.29827270995476,62.90893737825596,-36.22934467937824,-243.6311377425503,-87.70093668702992,-2.010951052839168,223.673737785208,9.316806449123471,-47.64694859729204,-13.36544685991972,-75.61045557030216,-66.85369558374224,32.8156847716774,1443.470471047506,47.55329022642556,35.94715948120084,-82.53168536018215,47.55329022642557,47.54900341018956,-82.53106746061391,-35.95424805258804, 2095.734879,-10.78165492, 13.55483334,-10.78165492, 1505.011878, 3.979907608, 13.55483334, 3.979907608, 3150.439301,77.08075536,2480,45.48951612903226,4.22741935483871,35.42701612903226,64.867153797299,64.867153797167,104.4769563525028,-65.04473681302721,238.5398407593495,-0.6232193600322053,-0.03871585124450451,0.7424539795803846,0.2426124488741491,0.08437042013850438,-0.1989294447902874,0.9656735606985916,0.144164081409982,-0.08421268060127374,0.1999855955580348,-0.9654553906867818,-0.1442562809345905,-101.30557121986,-47.959573390681,0.0067861653214813,0.006831900517523,-0.00098484384793703,20925661.75612499,45418.06649501706,2478.460656102894,20925711.04175773,-359.687187439471,2478.460656102894,0.12534217447198,64.867153797167,0,4.16630562,19.6969697,19.6969697,0.997294291,2.99747357,2504.4167,171.755236,2.99747357,-1.16883205,0,1,-0.523,0,-1.82346688,-0.174,0.348,0,-0.674189878,-1.68547469,-1.8466125,0,0,0.188680078,-1,104.222817,0,238.557412,-238.557412,360,30,0.5235,0.226615677,-1.5968512,0,0,0,-64.8671538,-41.580977,-4.96274484,-40.9169929,0,0,0,-0,-0.00597661827,-0.00292017569,-0.0269213776,-9.40864702e-05,-3.28361781e-05,-0.00253283618,2.46271336e-05,0.00252462713,-0.00505746331,-0.00252873166,-5.65520963e-07,-1.57893453e-07,0,0,-825,-1.5,1.29956,30.0547,0,-0,-0,0,0,130,130,0.00678644595604448262,-0.000986148023108329762,20925711.090216022,25.9287671126862129
30.23998806,8.271343894955425,67.48473969241341,292.9187491494762,-13.67227478036803,-103.7305536315418,-43.48640996295763,8.272835170453147,67.48502335344082,292.9148566005341,11.91586683,3118633.234,100.229085927,1452.7475174,-14.43630723830364,-60.35374520234855,-78.70761169794801,20.34803788662358,47.88974584448,-43.10953827378123,-158.9974908380935,136.2497796758224,115.7565593742404,215.1455155994317,8.828732655694967,-41.1837984699772,-14.43630723830364,-60.35374520234855,-78.70761169794801,-22.07510898988721,1451.165733121638,64.07849778028775,-18.90272766492373,-74.71614735029542,64.07849778028775,64.08076276802487,-74.71649029984877,18.89369170290428, 2095.734879,-10.78165492, 13.55483334,-10.78165492, 1505.011878, 3.979907608, 13.55483334, 3.979907608, 3150.439301,77.08075536,2480,45.48951612903226,4.22741935483871,35.42701612903226,66.474296204746,66.474296205546,-74.77434814016631,-40.97725060501665,61.7788256981147,0.7478289867072352,-0.345333994208004,-0.5306683217263439,0.1997182300164953,-0.1535006671621763,0.3854121538478936,0.904039820882748,0.1029903835578017,0.1536141276718141,-0.3844151549938387,-0.904464214154682,-0.1028210761675052,-100.39349083734,-37.024609342309,0.0068212866835021,0.0068672585755495,-0.0010395466175105,20925662.60736345,45764.31281409541,2491.287961047125,20925712.64701373,-379.6659018945647,2491.287961047125,0.12634491186775,66.474296205546,0,1.08124392,19.6969697,19.6969697,0.997236346,2.99035885,2520.04391,171.347562,2.99035885,1.90911493,0,1,0.523,0,1.30505857,0.174,0.348,0,0.0218720522,0.0546801306,0.0148392519,0,0,0.0628933594,-1,-66.0045761,0,61.7833764,-61.7833764,0,-30,-0.5235,0.204664771,1.50972334,0,0,0,-66.4742962,-43.9806756,-5.24844523,13.6452465,0,0,0,-0,-0.00128898479,-0.000629797966,-0.0238457286,-2.0291749e-05,-7.08182041e-06,-0.00250708182,5.31136531e-06,0.00250531137,-0.00501239319,-0.00250619659,-1.2196665e-07,-3.40530887e-08,0,0,-825,-1.5,1.29951,30.047,0,-0,-0,0,0,130,130,0.00682210988921162081,-0.00103997912469195783,20925712.4349989705,8.27283517045314731
30.47998796,13.63237310602497,46.01042641647535,282.5729779220309,49.94432658457168,-57.46617088438082,-41.95591405307393,13.63375303337509,46.00852127789047,282.569525017321,12.21213059,3157363.011,101.457379552,1495.16989027,-10.42120308226379,-53.8977101123712,-85.32312251990871,3.509557900880408,13.11678256995527,-14.66278294695843,87.5933222150835,158.6246363407502,90.3195308045151,216.4598796003031,8.723311449660754,-27.5993987284633,-10.42120308226379,-53.8977101123712,-85.32312251990871,-30.68115565553451,1492.042961333208,91.64861692391673,-27.39345746607391,-33.81906813580024,91.64861692391675,91.65192425345083,-33.81958232812114,27.38175482648046, 2095.734879,-10.78165492, 13.55483334,-10.78165492, 1505.011878, 3.979907608, 13.55483334, 3.979907608, 3150.439301,77.08075536,2480,45.48951612903226,4.22741935483871,35.42701612903226,59.705525655299,59.705525658323,-72.38126078140435,29.20011638134438,67.77204958257246,-0.5653574679135404,0.5877760139846236,0.1497022726689511,-0.5589986765784769,-0.2938818852772762,0.8108956756667787,0.5056337266831333,0.02040037086228769,0.2939043750935751,-0.8103332552384716,-0.5065345771308974,-0.02007376213618444,-96.963507131499,-32.088936227069,0.006872804043323,0.0069191231504133,-0.0010754900600328,20925655.06115173,46117.39202659387,2510.102452388173,20925705.87573728,-392.7931317529365,2510.102452388173,0.12734764926353,59.705525658323,0,1.18584541,19.6969697,19.6969697,0.99748041,2.98636661,2540.64238,171.118807,2.98636661,1.80052121,0,1,0.523,0,1.26329132,0.174,0.348,0,-0.0472033282,-0.11800832,-0.0732785017,0,0,0.0444855469,-1,-40.3339903,0,67.7770418,-67.7770418,0,-30,-0.5235,0.169151706,1.43244302,0,0,0,-59.7055257,-45.8096674,-5.46980918,21.9119456,0,0,0,-0,-0.000277996965,-0.000135829317,-0.0231823994,-4.3763489e-06,-1.52734577e-06,-0.00250152735,1.14550932e-06,0.00250114551,-0.00500267286,-0.00250133643,-2.63047042e-08,-7.34427341e-09,0,0,-825,-1.5,1.2995,30.0421,0,-0,-0,0,0,130,130,0.00687404113389119154,-0.00107500122729951137,20925705.9220137,13.6337530333750898
30.71998787,25.43390863687203,38.874649580212,272.8912087971576,38.71445602015409,-7.436399234473808,-38.66626506901903,25.43302801915249,38.87210199092912,272.8880165244981,12.19155696,3154774.102,101.36824729,1513.18050907,-9.998618336258648,-49.84493968788809,-87.69852437428106,6.433809813704144,22.09957539108214,-5.37772408204702,181.0523652355812,-28.21042817591593,-31.19645854749498,215.6901860243593,8.466803915832436,-25.43196401680239,-9.998618336258648,-49.84493968788809,-87.69852437428106,7.416599020052365,1509.886960627821,99.50685007206033,10.76991942362518,-16.05980021341706,99.50685007206029,99.50553650791053,-16.05959544817308,-10.78235395744524, 2095.734879,-10.78165492, 13.55483334,-10.78165492, 1505.011878, 3.979907608, 13.55483334, 3.979907608, 3150.439301,77.08075536,2480,45.48951612903226,4.22741935483871,35.42701612903226,57.256132721901,57.256132720638,46.34560739429223,77.71651223095421,187.5788068460709,0.1990321958753937,-0.5957692758204464,0.2676340931431198,0.7306279129494434,-0.3299867593204345,0.937909795866084,-0.04849767119026709,-0.09529915729301415,0.329879810773092,-0.9379635282359137,0.04744711784371188,0.09566870518549966,-96.504278341465,-29.453789213612,0.0069372536698323,0.0069840071392207,-0.001089332009321,20925651.80982996,46478.55252934818,2533.640607336902,20925703.423393,-397.8484759807252,2533.640607336902,0.1283503866593,57.256132720638,0,3.27686779,19.6969697,19.6969697,0.99756874,2.9858381,2564.6797,171.088523,2.9858381,-0.29102969,0,1,-0.29102969,0,-0.808883443,-0.174,0.348,0,-0.603494588,-1.50873647,-1.20861459,0,0,0.0966410156,-1,975.977544,0,187.592624,-187.592624,360,30,0.5235,0.137547351,-0.671336092,0,0,0,-57.2561327,-46.9391574,-5.60582334,-16.3881773,0,0,0,-0,-5.99559717e-05,-2.92944878e-05,-0.0230393383,-9.43852683e-07,-3.29404586e-07,-0.0025003294,2.4705344e-07,0.00250024705,-0.00500057646,-0.00250028823,-5.67317038e-09,-1.58394917e-09,0,0,-825,-1.5,1.29953,30.0401,0,-0,-0,0,0,130,130,0.00693823848065485815,-0.00108904103383590935,20925703.9076742083,25.4330280191524842
30.95998777,31.2070963168097,37.12809359367905,263.6503333921376,8.785096818871368,-12.87659897641244,-39.28097279357796,31.20464190291231,37.12721798087677,263.6470675908431,11.49788839,3063520.882,98.4518177189,1486.14583973,-4.331938194400749,-44.76255496183838,-87.58029685333553,38.24093586508576,10.8656358053975,9.848530573979412,15.87061652863102,-156.9167761591302,-109.0589349514499,196.5583571842702,7.887435121792569,-10.3196941647105,-4.331938194400749,-44.76255496183838,-87.58029685333553,34.49843121554588,1483.569297225688,80.38317935537771,37.81822516353702,-42.43921222585637,80.38317935537768,80.37852887032564,-42.43848165227344,-37.82892787063835, 2095.734879,-10.78165492, 13.55483334,-10.78165492, 1505.011878, 3.979907608, 13.55483334, 3.979907608, 3150.439301,77.08075536,2480,45.48951612903226,4.22741935483871,35.42701612903226,63.91732365638,63.917323658019,92.61067144205282,16.46530617148855,232.2216831359731,-0.207933956638981,-0.4037580151447867,0.5990158935169874,0.6594868415645954,-0.2765735129942078,0.7518332520160343,-0.5705899717731415,-0.1807786967122021,0.2763692704083866,-0.7524768656505991,0.5697409247945336,0.1810907828931548,-92.831683262211,-27.043355191716,0.0069973965606409,0.0070445553466055,-0.0011068295521408,20925657.66599103,46838.39822514076,2555.606953162016,20925710.08177233,-404.239099594226,2555.606953162016,0.12935312405508,63.917323658019,3.2706509772338e-09,4.05603297,19.6969697,19.6969697,0.997328538,2.98471506,2587.37222,171.024173,2.98471506,-1.07131791,0,1,-0.523,0,-1.61636114,-0.174,0.348,0,-0.714946698,-1.78736674,-1.77239126,0,0,0.0460195312,-1,109.59123,0,232.238789,-232.238789,360,30,0.5235,0.156370511,-1.45999063,0,0,0,-63.9173237,-48.190917,-5.7521077,-43.5810356,0,0,0,-0,-1.29307809e-05,-6.31797957e-06,-0.0230084841,-2.03561953e-07,-7.10431216e-08,-0.00250007104,5.32823412e-08,0.00250005328,-0.00500012433,-0.00250006216,-1.22354005e-09,-3.41612381e-10,0,0,-825,-1.5,1.29956,30.0366,0,-0,-0,0,0,130,130,0.00699775933757091143,-0.0011075765899568274,20925710.6362826005,31.2046419029123108
31.19998768,31.74081408018441,33.41556815682134,253.8215498097821,-2.164673269568144,-12.85663015162504,-42.75636519346011,31.73909182241002,33.41670573779996,253.8179171742196,10.75364404,2962505.086,95.2227253319,1452.43937693,5.283385992947899,-47.84573946219393,-82.15983487936245,30.32394810206053,-39.67437871574565,35.69249608858667,-159.3055342628071,-85.57345745755127,-77.46532045978738,171.1914778537701,7.427313351198227,10.25497331281198,5.283385992947899,-47.84573946219393,-82.15983487936245,14.81417299470512,1451.274950552592,56.2290124197742,18.08545499426214,-74.68990493758926,56.22901241977421,56.22677406255607,-74.68954308937805,-18.0939064675634, 2095.734879,-10.78165492, 13.55483334,-10.78165492, 1505.011878, 3.979907608, 13.55483334, 3.979907608, 3150.439301,77.08075536,2480,45.48951612903226,4.22741935483871,35.42701612903226,71.481237698346,71.481237697376,100.7637683492764,-46.21259673119832,233.4468471445859,-0.5337559409901635,-0.09509258505184777,0.7453690031267171,0.3879265973141649,0.149691058320036,-0.3415499010666412,0.9044720797900772,0.2070422880008029,0.1494554365257789,-0.3425785796942254,0.9040829579043659,0.2072124379820592,-86.320592907532,-30.162975885806,0.0070418390080613,0.0070892972955561,-0.0011463089462521,20925664.43747827,47190.21792370136,2571.839266289562,20925717.64340081,-418.6580154494368,2571.839266289562,0.13035586145085,71.481237697376,-3.2706509772275e-09,4.07741611,19.6969697,19.6969697,0.99705584,2.98022265,2605.68323,170.766758,2.98022265,-1.09719346,0,1,-0.523,0,-1.75865952,-0.174,0.348,0,-0.728635144,-1.82158786,-1.82276814,0,0,0.136524609,-1,119.053669,0,233.464043,-233.464043,360,30,0.5235,0.174275652,-1.58438387,0,0,0,-71.4812377,-50.0917363,-5.97520217,-24.0691086,0,0,0,-0,-2.78879793e-06,-1.36260667e-06,-0.0230018298,-4.3902471e-08,-1.53219624e-08,-0.00250001532,1.14914718e-08,0.00250001149,-0.00500002681,-0.00250001341,-2.63882471e-10,-7.3675986e-11,0,0,-825,-1.5,1.29954,30.0295,0,-0,-0,0,0,130,130,0.00704191422496407409,-0.00114766656114966893,20925717.8381929286,31.7390918224100176
31.43998758,31.16378708778968,32.66060806126485,243.6401388814341,-1.346834585153471,10.23370010949787,-40.02283634808561,31.1640990407267,32.66200883834674,243.6362150042206,10.63988318,2946818.144,94.7164673044,1449.03246647,6.41543826702349,-61.90123698985393,-71.40229820948704,-24.85415915699382,-68.20461639064239,49.93684046054263,-189.0752805158072,59.32087733790177,2.21502364428037,167.0406572275789,7.469669454729414,13.58375013127842,6.41543826702349,-61.90123698985393,-71.40229820948704,-30.02072870154057,1447.965862822509,46.78359584870424,-26.73290375925299,-77.89644532770535,46.78359584870425,46.78691839227793,-77.89700444346995,26.72545873725872, 2095.734879,-10.78165492, 13.55483334,-10.78165492, 1505.011878, 3.979907608, 13.55483334, 3.979907608, 3150.439301,77.08075536,2480,45.48951612903226,4.22741935483871,35.42701612903226,70.581954494119,70.581954495254,-95.81698148589393,-72.57857059421916,75.5356352104687,0.6961055146779326,-0.2298446438700069,-0.679958520810852,-0.01627765634108802,-0.01135535149063947,0.1510140235489922,0.9730233393969864,0.1740442520533372,-0.01155485439762239,0.1498985284342513,0.97319581045798,0.1740311208380022,-84.86580721747,-40.809226886022,0.0070746311164866,0.0071223104075859,-0.0011983714931251,20925662.75083232,47537.42299585703,2583.815576684768,20925716.74224325,-437.672419048693,2583.815576684768,0.13135859884663,70.581954495254,-3.2706509772228e-09,1.32134554,19.6969697,19.6969697,0.997088259,2.97379546,2620.61319,170.39848,2.97379546,1.65244992,0,1,0.523,0,1.67232181,0.174,0.348,0,-0.37050777,-0.926269426,-0.971401849,0,0,0.0628933594,-1,121.615754,0,75.5411993,-75.5411993,0,-30,-0.5235,0.176151812,1.84847362,0,0,0,-70.5819545,-52.1695562,-6.22352445,20.5019343,0,0,0,-0,-6.01463682e-07,-2.93875155e-07,-0.0230003946,-9.46850243e-09,-3.30450735e-09,-0.0025000033,2.47838051e-09,0.00250000248,-0.00500000578,-0.00250000289,-5.69118745e-11,-1.58897954e-11,0,0,-825,-1.5,1.2995,30.0219,0,0,0,-0,0,130,130,0.00707501557409097055,-0.0011992823951382358,20925716.5638910457,31.164099040726704
31.67998749,31.69981549547358,38.62388609207694,235.4526238322802,7.501533282995102,46.37995654742284,-25.47734442345188,31.70141193364967,38.62368873156063,235.4487678320946,11.25818525,3031544.59,97.4138237582,1479.89097218,-5.171386743870627,-75.46829534466708,-61.3778968041918,-63.19324564342358,-35.39680820976226,24.42206282527601,-72.4233433899557,170.8574088126997,92.39549971920432,197.3734999291661,7.942916875443665,-18.80835452185564,-5.171386743870627,-75.46829534466708,-61.3778968041918,-64.6234430813919,1477.33196595264,58.23540614105642,-61.24348947568036,-48.44920564487136,58.23540614105644,58.24305443811956,-48.4505325508526,61.23516607675374, 2095.734879,-10.78165492, 13.55483334,-10.78165492, 1505.011878, 3.979907608, 13.55483334, 3.979907608, 3150.439301,77.08075536,2480,45.48951612903226,4.22741935483871,35.42701612903226,59.465546708554,59.465546711359,-80.80463424837785,-14.7675524412052,66.72250782688209,0.676562191911932,-0.4830414545127197,-0.4352120955510838,0.3457238574116523,-0.1706101452775727,0.5860280239606618,0.7861474449462799,0.09713664738688241,-0.1707222311213145,0.5851195774574607,0.7868238240793201,0.09693951587540796,-94.816073725708,-50.779521431272,0.0071079372977812,0.0071558410806318,-0.001241385243422,20925650.8337346,47887.90946007161,2595.978369595273,20925705.62398542,-453.3817742708707,2595.978369595273,0.13236133624241,59.465546711359,3.270650977218e-09,1.16752745,19.6969697,19.6969697,0.997489064,2.96868879,2635.26451,170.105868,2.96868879,1.80116134,0,1,0.523,0,1.41030692,0.174,0.348,0,-0.376924074,-0.942310184,-0.936847455,0,0,0.0766992187,-1,-47.8380872,0,66.7274227,-66.7274227,0,-30,-0.5235,0.142029342,1.55233626,0,0,0,-59.4655467,-53.4503762,-6.38226059,54.8529055,0,0,0,-0,-1.29718458e-07,-6.33804387e-08,-0.0230000851,-2.04208428e-09,-7.12687414e-10,-0.00250000071,5.3451556e-10,0.00250000053,-0.00500000125,-0.00250000062,-1.22742571e-11,-3.42697259e-12,0,0,-825,-1.5,1.29947,30.0185,0,-0,-0,0,0,130,130,0.00710888201962541714,-0.00124133077102141719,20925705.4318433739,31.7014119336496698
31.9199874,33.30457991264327,54.67229624318448,230.9722010363141,-2.153299820472981,78.3210522291956,-12.59119418436379,33.30567603357334,54.67014258729915,230.9687927246076,12.10618823,3144074.237,100.994255094,1519.86515759,-19.15283305229993,-76.60802496389005,-62.96204459176034,-42.77099486601769,26.34117542684549,-37.67904173147599,142.4479862820653,116.184386781692,113.547623806873,227.5000848271629,8.354814720794229,-71.31185647247989,-19.15283305229993,-76.60802496389005,-62.96204459176034,-55.89437891082947,1516.410167969671,85.82609234462083,-52.39811801357418,-9.389284502040724,85.8260923446208,85.83267910534136,-9.390436477294742,52.38712114954857, 2095.734879,-10.78165492, 13.55483334,-10.78165492, 1505.011878, 3.979907608, 13.55483334, 3.979907608, 3150.439301,77.08075536,2480,45.48951612903226,4.22741935483871,35.42701612903226,44.765868596733,44.7658686018,-71.94437913757483,42.14359885923365,69.28537663770462,-0.5012480646569791,0.6163469648849104,0.07219055949458647,-0.6030384064673249,-0.3033638782421116,0.8622395291542799,0.405491931732517,0.009468106544739861,-0.3033746919716852,0.8617670252542087,0.4064951494432309,0.009115038931478634,-106.91957695868,-49.335519080681,0.0071549756492988,0.0072031964801522,-0.0012596530691905,20925635.30603273,48247.42501378825,2613.155996455368,20925690.92200912,-460.0532713420616,2613.155996455368,0.13336407363818,44.7658686018,6.5413019544224e-09,1.21225795,19.6969697,19.6969697,0.998019265,2.96732571,2653.33809,170.027763,2.96732571,1.75506776,0,1,0.523,0,1.25566629,0.174,0.348,0,-0.407163993,-1.01790998,-1.01400245,0,0,0.144194531,-1,-27.7067484,0,69.2904803,-69.2904803,0,-30,-0.5235,0.109571047,1.36523734,0,0,0,-44.7658686,-53.2947541,-6.37151263,46.0156085,0,0,0,-0,-2.79765509e-08,-1.36693427e-08,-0.0230000184,-4.40419007e-10,-1.53706233e-10,-0.00250000015,1.15279675e-10,0.00250000012,-0.00500000027,-0.00250000013,-2.64720537e-12,-7.3909974e-13,0,0,-825,-1.5,1.29948,30.0216,0,-0,-0,0,0,130,130,0.0071562178204837611,-0.00125909818777927818,20925691.0623044521,33.3056760335733415
32.1599873,29.42331370008743,65.84885792559443,228.3691323120898,-27.62641440520702,-9.387003978618967,-10.74406102049756,29.42267436112345,65.84600951326992,228.3661433162094,12.391987,3181185.926,102.168488813,1524.92469081,-21.44619123601062,-65.13315017956855,-75.73726781043359,26.46501784151673,60.69143790027759,-56.5668833557565,195.2576242642039,-76.62264845477938,6.691770216379931,230.549129955844,8.199837144850767,-66.48763727859824,-21.44619123601062,-65.13315017956855,-75.73726781043359,-9.983485820241706,1521.48557960649,101.8689045241738,-6.448958866036495,-4.420104843104497,101.8689045241738,101.8697216054075,-4.420246839700184,6.435941589853102, 2095.734879,-10.78165492, 13.55483334,-10.78165492, 1505.011878, 3.979907608, 13.55483334, 3.979907608, 3150.439301,77.08075536,2480,45.48951612903226,4.22741935483871,35.42701612903226,37.455447681248,37.455447685175,79.26460743844729,79.20304868064737,215.1617693925587,0.2083698629025623,-0.6164482978779456,0.3202253458517134,0.6884978025756521,-0.3737788317632699,0.9227385950432361,-0.07908022651967861,-0.05088406348667649,-0.3737189096089752,0.9228306879042659,-0.0779981953054578,-0.0513223108590171,-105.81029896331,-39.606189981666,0.0072181013235919,0.0072667476059021,-0.0012615783724123,20925627.14676777,48612.92584424976,2636.209973440299,20925683.60866155,-460.7562737996705,2636.209973440299,0.13436681103396,37.455447685175,-9.8119529316061e-09,3.7582813,19.6969697,19.6969697,0.99828303,2.96856064,2676.16771,170.098525,2.96856064,-0.78972066,0,1,-0.523,0,-1.38342838,-0.174,0.348,0,-0.696965344,-1.74241336,-1.66435522,0,0,0.0674953125,-1,734.717668,0,215.177619,-215.177619,360,30,0.5235,0.0852168591,-1.29821152,0,0,0,-37.4554477,-52.0406181,-6.22538212,0.210559467,0,0,0,-0,-6.03373884e-09,-2.9480848e-09,-0.023000004,-9.49857484e-11,-3.31500262e-11,-0.00250000003,2.48625197e-11,0.00250000002,-0.00500000006,-0.00250000003,-5.70926173e-13,-1.59402588e-13,0,0,-825,-1.5,1.29952,30.0284,0,-0,-0,0,0,130,130,0.00721915954675334849,-0.001261455813170562,20925684.0900925733,29.4226743611234518
32.39998721,24.00590052175755,53.34114311775008,225.0411156084444,-10.13768025188252,-83.27011333697418,-18.92921035141887,24.00371950055115,53.33937462895617,225.0380217601389,11.94109703,3122690.86,100.296791007,1490.83209186,-8.510747957591192,-52.62860013838441,-84.95436364890959,67.97883349123873,34.01654487644715,-14.5755171603808,39.86828904680426,-171.8852852316127,-96.16659820578825,208.4237291885514,7.671932199395364,-21.45233726527283,-8.510747957591192,-52.62860013838441,-84.95436364890959,20.67147848904771,1487.991899718739,89.62768814790896,24.15307664882403,-37.9862171316384,89.627688147909,89.62459671894378,-37.9856799590812,-24.16538986500577, 2095.734879,-10.78165492, 13.55483334,-10.78165492, 1505.011878, 3.979907608, 13.55483334, 3.979907608, 3150.439301,77.08075536,2480,45.48951612903226,4.22741935483871,35.42701612903226,40.355034247041,40.355034244821,104.2637661625403,23.56116330871106,235.2812819074675,-0.1360011339276804,-0.4695424963208319,0.6264605294922354,0.6071085081824293,-0.346842738750649,0.7613074531540864,-0.5391280888167502,-0.09722129497587455,-0.3467276470935231,0.7619438057556415,-0.5382283634757393,-0.09763096005789476,-95.720817310302,-31.649978166136,0.0072823921532043,0.0073314717157111,-0.0012742551433454,20925629.20020851,48974.52363848162,2659.690772320308,20925686.50515438,-465.3861748321942,2659.690772320308,0.13536954842973,40.355034244821,0,4.10943304,19.6969697,19.6969697,0.998178404,2.96836877,2700.09463,170.08753,2.96836877,-1.14106427,0,1,-0.523,0,-1.81974601,-0.174,0.348,0,-0.59738672,-1.4934668,-1.51084164,0,0,0.036815625,-1,107.811059,0,235.298613,-235.298613,360,30,0.5235,0.10659221,-1.7131538,0,0,0,-40.3550342,-50.7343182,-6.06764434,-30.2330342,0,0,0,-0,-1.3013044e-09,-6.35817329e-10,-0.0230000009,-2.04856999e-11,-7.14950928e-12,-0.00250000001,5.36213196e-12,0.00250000001,-0.00500000001,-0.00250000001,-1.2313238e-13,-3.43785605e-14,0,0,-825,-1.5,1.29955,30.0335,0,-0,-0,0,0,130,130,0.00728297535975890812,-0.00127502389289305411,20925687.030732885,24.0037195005511528
32.63998711,24.54005197312323,34.82335616278688,219.2878364057935,13.51660854667491,-57.71175936313775,-29.36512262875981,24.53770973284606,34.82349652736076,219.2843794545754,11.3514729,3044472.838,97.7966386739,1453.5523458,6.68868716006746,-51.68236701187715,-82.75492094151549,47.13048372377937,-27.97212701305749,30.06115759148518,-124.0722490893559,-106.1046066903421,-111.1969386084139,178.3295702557785,7.295748010739487,13.85762756641673,6.68868716006746,-51.68236701187715,-82.75492094151549,8.902134049567183,1452.159763301039,62.98567965526077,12.32351817986292,-73.79104006549545,62.98567965526075,62.98409112089355,-73.79075787738805,-12.33332288832853, 2095.734879,-10.78165492, 13.55483334,-10.78165492, 1505.011878, 3.979907608, 13.55483334, 3.979907608, 3150.439301,77.08075536,2480,45.48951612903226,4.22741935483871,35.42701612903226,45.530557110906,45.530557112045,111.1969458173632,-30.5318549395392,229.4004309146732,-0.4251326934777593,-0.1974676971318291,0.7853198054272049,0.4044026517341034,0.2547475631000364,-0.4255862319151554,0.8559076333282716,0.1462947760832542,-0.2545732813262165,0.4266045226080941,-0.8554005487931742,-0.1465978405347757,-85.379099188897,-31.901983428384,0.0073327173930122,0.007382136109335,-0.0013118883002047,20925633.54544942,49327.01228432082,2678.071325847976,20925691.67800703,-479.1307549031044,2678.071325847976,0.13637228582551,45.530557112045,3.2706509771851e-09,4.00679282,19.6969697,19.6969697,0.997991678,2.96455678,2720.58816,169.869104,2.96455678,-1.04223604,0,1,-0.523,0,-1.94075282,-0.174,0.348,0,-0.597988877,-1.49497219,-1.48460203,0,0,0.0920390625,-1,131.258291,0,229.417329,-229.417329,360,30,0.5235,0.126925072,-1.81382775,0,0,0,-45.5305571,-50.0200564,-5.97963236,-18.3129552,0,0,0,-0,-2.80654028e-10,-1.37127558e-10,-0.0230000002,-4.41817763e-12,-1.54194399e-12,-0.0025,1.15645799e-12,0.0025,-0.005,-0.0025,-2.65561211e-14,-7.414469e-15,0,0,-825,-1.5,1.29954,30.0346,0,0,0,-0,0,130,130,0.00733289549889554453,-0.00131322097708915972,20925691.9356903136,24.5377097328460607
32.87998702,28.42795348923039,26.63529260537266,211.6839251307269,16.4336861752134,-8.326855029923196,-32.42771814757752,28.42684721308225,26.63667218629754,211.6801397360302,11.26098057,3032355.04,97.4039465321,1442.63885918,11.95146819598293,-64.32733994588745,-72.1573595932681,-6.640235637253824,-70.84142314080205,55.51566584859985,-186.171579951133,21.8267285620191,-65.62575006396077,166.5483214244582,7.42342945345585,26.46082935289622,11.95146819598293,-64.32733994588745,-72.1573595932681,-30.48489368479644,1441.734708353606,40.97047720560035,-27.06440509653213,-84.12173782288228,40.97047720560034,40.97397960478365,-84.1223827978484,27.05709717956802, 2095.734879,-10.78165492, 13.55483334,-10.78165492, 1505.011878, 3.979907608, 13.55483334, 3.979907608, 3150.439301,77.08075536,2480,45.48951612903226,4.22741935483871,35.42701612903226,44.056262105703,44.056262107349,168.6575591038347,-74.48410641986034,171.6303839919929,-0.594875016922924,0.1174537824218809,0.785713148286409,0.1224057672072827,0.1350081348260483,-0.003500925690943368,0.9762145604159267,0.1696044783666899,-0.1348047120704395,0.004671231589931387,-0.9762096619293356,-0.1697662073407171,-80.595444233401,-41.331775610408,0.0073662662799531,0.0074159111019093,-0.0013654729178363,20925631.24956157,49673.6594939575,2690.323935207019,20925690.2016725,-498.7010126339374,2690.323935207019,0.13737502322128,44.056262107349,-3.2706509771801e-09,2.9985153,19.6969697,19.6969697,0.998044866,2.95830471,2736.14946,169.51086,2.95830471,-0.0402105881,0,1,-0.0402105881,0,-2.94362971,-0.174,0.348,0,-0.664339149,-1.66084787,-1.64309094,0,0,0.102776953,-1,634.778011,0,171.643027,-171.643027,0,-30,-0.5235,0.144089571,-2.79954014,0,0,0,-44.0562621,-49.5967872,-5.92976398,21.1273332,0,0,0,-0,-6.05290124e-11,-2.95744754e-11,-0.023,-9.52874064e-13,-3.32553048e-13,-0.0025,2.49414786e-13,0.0025,-0.005,-0.0025,-5.72739242e-15,-1.59908796e-15,0,0,-825,-1.5,1.2995,30.0339,0,0,0,-0,0,130,130,0.00736640857590276435,-0.00136658915715175524,20925690.0999075174,28.4268472130822509
33.11998692,32.16379585068457,28.4720185999547,204.7416653812766,16.36847956150541,25.01699722968618,-22.05940624854068,32.16433236690477,28.47314168051584,204.7376770051843,11.90186079,3117789.778,100.120067952,1464.57268132,4.369100737095548,-81.45548732366764,-58.0512062781003,-51.02172590547423,-63.69863500933054,56.29856946594717,-151.9164802816943,147.1212116143224,14.93559923787137,189.7622953816995,8.088178921994741,12.15401370952653,4.369100737095548,-81.45548732366764,-58.0512062781003,-73.08439529059881,1462.350947468546,34.08102818191309,-69.5900931074105,-63.40134435558286,34.08102818191308,34.09006374928074,-63.40306368950237,69.58410073489846, 2095.734879,-10.78165492, 13.55483334,-10.78165492, 1505.011878, 3.979907608, 13.55483334, 3.979907608, 3150.439301,77.08075536,2480,45.48951612903226,4.22741935483871,35.42701612903226,32.295819249004,32.295819247563,-99.04463494114668,-41.90064659196005,80.05846253842905,0.6391371554467955,-0.3946558233816286,-0.6346262759696752,0.1816589316472187,-0.003129336870420578,0.4075174188445015,0.9006819309975329,0.1506380422191612,0.003311241092676134,-0.4064294821084961,-0.9011733815199765,-0.1506341534821918,-85.695869530519,-54.447002079061,0.0073898755861555,0.0074396795507906,-0.0014155992829438,20925618.65925819,50021.54508064297,2698.945060943099,20925678.4396676,-517.0079829976021,2698.945060943099,0.13837776061706,32.295819247563,6.5413019543532e-09,1.40028377,19.6969697,19.6969697,0.998469226,2.95232618,2748.01352,169.16829,2.95232618,1.55204241,0,1,0.523,0,1.72865499,0.174,0.348,0,-0.381818402,-0.954546005,-0.938461879,0,0,0.036815625,-1,-20.5345098,0,80.0643598,-80.0643598,0,-30,-0.5235,0.111530798,1.84018578,0,0,0,-32.2958192,-48.5817734,-5.81412293,63.7699778,0,0,0,-0,-1.30543701e-11,-6.37836522e-12,-0.023,-2.05507594e-13,-7.17221505e-14,-0.0025,5.37916128e-14,0.0025,-0.005,-0.0025,-1.23523408e-15,-3.44877354e-16,0,0,-825,-1.5,1.29946,30.036,0,-0,-0,0,0,130,130,0.00739037045900654312,-0.00141590842591048029,20925678.1703842767,32.1643323669047732
33.35998683,-17.82653706567434,75.45508416727225,61.51218356165722,-680.8887713139117,-252.6077675882524,418.7493638484067,-17.82498099077187,75.45490094772335,61.50831040210083,2.156108069,1327218.403,42.6032044271,1502.78079383,-9.898961494592644,-13.30177612105237,-39.24418862473066,80.92514688516124,660.0036266723893,84.15449547189792,634.3749617974452,66.39716309759095,-105.6660075428289,44.67220548080608,669.2189499454107,100.2701399209572,-9.898961494592644,-13.30177612105237,-39.24418862473066,-15.96737666830594,1502.327466552775,33.27672503702733,-12.35114503516568,-23.56144763357818,33.27672503702733,33.27833380748093,-23.56175882277796,12.34621592369837, 2095.734879,-10.78165492, 13.55483334,-10.78165492, 1505.011878, 3.979907608, 13.55483334, 3.979907608, 3150.439301,77.08075536,2480,45.48951612903226,4.22741935483871,35.42701612903226,15.506441060454,15.506441062926,-88.10835400132365,2.054211918370579,68.11942809902061,0.5883193983531525,-0.5831784556561453,-0.3786935024460633,0.4127643463103752,-0.1481818313896641,0.704238672171437,0.6837821620368592,0.1205487135742845,0.1483283480699615,-0.7034064505747019,-0.6846382386278828,-0.120368387283564,-104.15698273939,-18.193357317111,0.0074146301700294,0.007464601008201,-0.0014436116026603,20925601.01475019,50377.49466300905,2707.983806545466,20925661.64885838,-527.2382750134566,2707.983806545466,0.13938049801284,15.506441062926,0,1.1919083,19.6969697,19.6969697,0.999075303,2.9493006,2758.8304,168.994924,2.9493006,1.75739229,0,1,0.523,0,1.53778088,0.174,0.348,0,0.333065619,0.832664047,-0.308123677,0,0,0.0107378906,-1,-85.0051586,0,68.1244459,-68.1244459,0,-30,-0.5235,0.0805599367,1.61834081,0,0,0,-15.5064411,-46.1268479,-5.52806911,6.81814681,0,0,0,-0,-2.81545317e-12,-1.37563042e-12,-0.023,-4.43220899e-14,-1.54684094e-14,-0.0025,1.1601307e-14,0.0025,-0.005,-0.0025,-2.66404567e-16,-7.43801552e-17,0,0,-825,-1.5,1.29956,30.0375,0,-0,-0,0,0,130,130,0.00741556813649142752,-0.00144324191706401506,20925661.4959321208,-17.8249809907718699
33.59998673,-52.08359620525593,38.09970166845581,86.35753423613043,18.99717873583101,-107.8070616055942,-2.373182562864609,-52.08124549103585,38.09953066233518,86.35408442410416,1.603984214,1144731.181,36.7462327431,1508.34096146,6.277967563834689,10.71724033912929,-34.58342816423534,50.03222817602724,-7.174080573497996,12.05408192483061,-23.30678016707622,18.84253411703241,8.853847878727255,22.26682827021859,0.1850270457465095,4.43553511357733,6.277967563834689,10.71724033912929,-34.58342816423534,1.576138137336536,1508.008063941699,31.64886886567496,5.232170934580078,-17.92370239779417,31.64886886567495,31.64818500034225,-17.9235693378664,-5.236761325939292, 2095.734879,-10.78165492, 13.55483334,-10.78165492, 1505.011878, 3.979907608, 13.55483334, 3.979907608, 3150.439301,77.08075536,2480,45.48951612903226,4.22741935483871,35.42701612903226,16.41486722976,16.414867227893,-102.117185148997,20.77835027803266,53.00676308422603,-0.4906592495939232,0.7352182353599545,0.2399660504367311,-0.4014024686270861,-0.1772301122487092,0.8037033562819805,0.5166314631619868,0.236098144178421,0.1775192170774771,-0.8030698411328832,-0.5176156719909292,-0.2358808469129786,-79.711076866357,16.957093527299,0.007435065747494,0.0074851743088764,-0.0014570319514339,20925601.04922044,50738.81585657832,2715.447440648098,20925662.55618677,-532.1397006021871,2715.447440648098,0.14038323540861,16.414867227893,0,0.928142542,19.6969697,19.6969697,0.999042502,2.94807739,2767.09512,168.924835,2.94807739,2.01993485,0,1,0.523,0,1.7822811,0.174,0.348,0,1.08904475,2.72261186,2.73626015,0,0,0.0214757812,-1,-141.123902,0,53.0106676,-53.0106676,0,-30,-0.5235,0.0510995444,1.83338065,0,0,0,-16.4148672,-43.2244964,-5.17984433,-10.4166057,0,0,0,-0,-6.07212414e-13,-2.96683985e-13,-0.023,-9.55900059e-15,-3.33609121e-15,-0.0025,2.5020684e-15,0.0025,-0.005,-0.0025,-5.74558131e-17,-1.6041663e-17,0,0,-825,-1.5,1.29953,30.0139,0,0,-0,0,0,130,130,0.00743605522621765182,-0.00145652136025883222,20925662.4522693418,-52.081245491035844
33.83998664,-45.49963154788519,17.14319187248735,85.80025104745835,35.69361556467554,-64.92789683716852,-2.358632091762034,-45.49699105296309,17.14279478103531,85.79703757450848,1.54869533,1124822.164,36.1077029779,1512.01982651,14.33803353894035,7.527605731519764,-32.27262246121375,18.39091311141919,-17.12912443981868,4.782258222651482,-18.30640928040513,11.70376348493195,4.638330035205882,17.04159027541592,0.3112794575392537,7.928423739815871,14.33803353894035,7.527605731519764,-32.27262246121375,-3.371661397444439,1511.652236542797,33.16780693130437,0.319491422444516,-14.26747079673645,33.16780693130438,33.16776474024519,-14.26746260893412,-0.3242023680368273, 2095.734879,-10.78165492, 13.55483334,-10.78165492, 1505.011878, 3.979907608, 13.55483334, 3.979907608, 3150.439301,77.08075536,2480,45.48951612903226,4.22741935483871,35.42701612903226,17.058528099209,17.058528099702,-121.8438825888495,37.60013988067137,37.10092357200853,-0.3465650979159904,0.8341744003756335,0.1147226542008502,-0.4133816823197956,-0.1639121851093345,0.8821400497555761,0.3261791390320054,0.2976052712071019,0.1642792531864684,-0.8817369303086664,-0.3272672972545237,-0.297402805719895,-66.045449274841,12.033083248884,0.0074564163030696,0.0075066687547774,-0.0014675147617711,20925600.81002088,51101.20926933621,2723.245210826702,20925663.19872977,-535.9682669766189,2723.245210826702,0.14138597280439,17.058528099702,3.2706509771666e-09,0.650533272,19.6969697,19.6969697,0.999019262,2.94726402,2775.48444,168.878228,2.94726402,2.29673075,0,1,0.523,0,2.12657692,0.174,0.348,0,0.980223975,2.45055994,2.48485467,0,0,0.0429515625,-1,-171.368142,0,37.1036565,-37.1036565,0,-30,-0.5235,0.0230759544,2.14965288,0,0,0,-17.0585281,-40.7136053,-4.8786875,-5.20288987,0,0,0,-0,-1.30958287e-13,-6.39862189e-14,-0.023,-2.06160196e-15,-7.19499084e-16,-0.0025,5.39624313e-16,0.0025,-0.005,-0.0025,-1.23915701e-17,-3.45972636e-18,0,0,-825,-1.5,1.29953,29.9948,0,-0,0,-0,0,130,130,0.00745746401086177634,-0.00146683108564850525,20925663.1855643615,-45.4969910529630894
34.07998654,-35.99019588672009,4.91984129344538,85.2306320783847,42.67682153851797,-37.52754012555737,-2.303243066217672,-35.98761813568779,4.919051507051991,85.22744025437282,1.575048715,1134356.351,36.4134038644,1514.09801038,16.39321659608897,3.604127339111871,-32.31421818257913,0.2948422715987107,-14.49664469642573,-4.776618179738101,-14.24908826866981,5.331277148890153,3.58375506672686,16.90829190296299,0.4599215041370121,8.844885053496181,16.39321659608897,3.604127339111871,-32.31421818257913,-7.277405352098906,1513.696041603795,34.1191738775047,-3.554935233452735,-12.21394245920234,34.11917387750468,34.11964067706514,-12.214034042287,3.550137106642964, 2095.734879,-10.78165492, 13.55483334,-10.78165492, 1505.011878, 3.979907608, 13.55483334, 3.979907608, 3150.439301,77.08075536,2480,45.48951612903226,4.22741935483871,35.42701612903226,16.651857901365,16.651857903366,-147.8516898909292,50.46840314162089,14.26799806064178,-0.1976454599592856,0.8771380478400387,-0.009178846445353855,-0.4375852670814923,-0.1462341087949111,0.92963106508729,0.1332636537172457,0.3108737152728723,0.1466202799913631,-0.929464757252026,-0.1344186877031292,-0.3106917683458238,-63.101018080464,5.6803245169155,0.0074785377733995,0.0075289393135436,-0.001476132793218,20925599.51250256,51464.28116147593,2731.324399212066,20925662.79091864,-539.1157487486198,2731.324399212066,0.14238871020016,16.651857903366,0,0.252023544,19.6969697,19.6969697,0.999033945,2.94671514,2784.01983,168.846778,2.94671514,2.6946916,0,1,0.523,0,2.58049879,0.174,0.348,0,0.816950331,2.04237583,2.08615064,0,0,-0.0352816406,-1,-218.442349,0,14.2690491,-14.2690491,0,-14.2690491,-0.248994906,0.000569232829,2.58106803,0,0,0,-16.6518579,-38.4501635,-4.60761695,-1.05747984,0,0,0,-0,-2.82439409e-14,-1.37999895e-14,-0.023,-4.44628399e-16,-1.55175311e-16,-0.0025,1.16381484e-16,0.0025,-0.005,-0.0025,-2.6725062e-18,-7.46163731e-19,0,0,-825,-1.5,1.29952,29.9798,0,-0,0,-0,0,130,130,0.0074796625624885555,-0.00147538905625751397,20925662.9045122042,-35.9876181356877893
34.31998645,-25.64305986640833,-2.128558738597675,84.71098074270968,42.59123613957048,-21.14002425577826,-1.951009402843861,-25.64082347601465,-2.129788882212498,84.70767293253549,1.66487831,1166268.921,37.4367159329,1514.55949946,15.46534950274119,1.113594117813074,-34.07477912976503,-6.71204836310643,-6.368135142240219,-9.236762758128339,-11.15934661720917,-2.035029862265081,3.088991927999505,19.3667813460477,0.5518916989906464,8.981492012407328,15.46534950274119,1.113594117813074,-34.07477912976503,-10.291823868483,1514.121734628038,34.92747491766102,-6.541994796335489,-11.7805560057374,34.92747491766102,34.92833683198899,-11.78072543477127,6.537086065296272, 2095.734879,-10.78165492, 13.55483334,-10.78165492, 1505.011878, 3.979907608, 13.55483334, 3.979907608, 3150.439301,77.08075536,2480,45.48951612903226,4.22741935483871,35.42701612903226,15.426605641842,15.426605646108,177.8036063719912,55.54302148513995,341.0614328480412,-0.05991570679256095,0.8740651530537822,-0.1367329850431441,-0.4623032631269299,-0.1390514316284194,0.9449352759020717,-0.05432109107712633,0.2912236988676455,0.1394157385830359,-0.9450025095036716,0.05313862636253409,-0.2910494721785502,-65.588364965584,1.7045740921904,0.0075012308160586,0.0075517852987424,-0.0014839196986608,20925597.38932272,51827.6545408008,2739.612230734916,20925661.5645022,-541.9596639387164,2739.612230734916,0.14339144759594,15.426605646108,6.5413019543195e-09,5.95564495,19.6969697,19.6969697,0.999078186,2.94629076,2792.7019,168.82246,2.94629076,-3.0093542,0,1,-0.523,0,-3.10325835,-0.174,0.348,0,0.288497877,0.721244693,1.38046753,0,0,-0.0874371094,-1,12866.0401,0,341.086556,-341.086556,360,18.9134441,0.330039599,0.00206411102,-3.10119424,0,0,0,-15.4266056,-36.3221346,-4.35305288,2.18403319,0,0,0,-0,-6.09140737e-15,-2.97626164e-15,-0.023,-9.5893586e-17,-3.34668615e-17,-0.0025,2.51001461e-17,0.0025,-0.005,-0.0025,-5.76382915e-19,-1.6092611e-19,0,0,-825,-1.5,1.29952,29.9684,0,-0,0,-0,0,130,130,0.00750242281913138329,-0.0014832812660380524,20925661.8122601807,-25.6408234760146527
34.55998635,-15.86972482284068,-6.04865080711999,84.30966701954081,37.87452340996418,-11.6369546106302,-1.302337886933739,-15.86805540964653,-6.050279770874689,84.30620063235419,1.804341978,1214155.841,38.9721195722,1513.09597218,13.95636117553747,0.6379991391230053,-36.38185047228502,-4.807469486932376,1.520823057234164,-9.606547086761859,-10.25214523062054,-10.5467082912084,1.46209954378167,22.67457578179281,0.5777522112968366,8.881181551804749,13.95636117553747,0.6379991391230053,-36.38185047228502,-12.80489589065782,1512.624979490518,35.51235129442421,-9.032547990154857,-13.27072290036352,35.51235129442423,35.51354513663983,-13.2709581123117,9.027507217410074, 2095.734879,-10.78165492, 13.55483334,-10.78165492, 1505.011878, 3.979907608, 13.55483334, 3.979907608, 3150.439301,77.08075536,2480,45.48951612903226,4.22741935483871,35.42701612903226,13.554546426982,13.554546428103,146.4420051149658,49.99295563115783,308.4158522651274,0.05954427024070941,0.8343778924198932,-0.2677290040783478,-0.4781100217498632,-0.147220853684418,0.9280494359847787,-0.2314195034650779,0.2519826938992877,0.14753825431275,-0.9283403055198013,0.230249906325912,-0.2517969842922214,-69.012797423233,0.93801136216486,0.0075243968144968,0.0075751074287981,-0.0014920385420876,20925594.61330417,52190.90501806462,2748.072710044553,20925659.69124912,-544.9247928965051,2748.072710044553,0.14439418499172,13.554546428103,-3.2706509771562e-09,5.38587209,19.6969697,19.6969697,0.999145784,2.94583855,2801.5775,168.796549,2.94583855,-2.44003354,0,1,-0.523,0,-2.55589515,-0.174,0.348,0,0.116380416,0.290951041,0.332032073,0,0,-0.0214757812,-1,52.0376025,0,308.438571,-308.438571,360,30,0.5235,0.0260385457,-2.52985661,0,0,0,-13.5545464,-34.2477862,-4.10509222,4.922415,0,0,0,-0,-1.31374164e-15,-6.41894167e-16,-0.023,-2.06814956e-17,-7.21784196e-18,-0.0025,5.41338147e-18,0.0025,-0.005,-0.0025,-1.24309258e-19,-3.47071449e-20,0,0,-825,-1.5,1.29952,29.9602,0,-0,0,-0,0,130,130,0.00752561799467811599,-0.00149166101677339043,20925660.0512305386,-15.8680554096465301
34.79998626,117.2352551752887,-28.57262371731843,2.935475576195433,-136.8238179443463,-69.76178976341409,-8.846670541793346,117.2361896302333,-28.57453981859805,2.931882297289303,1.707873136,1181279.817,37.9146188431,1509.3993128,18.44600732125774,-2.743035857207557,-33.01119340776307,-20.36388573182846,-48.42988447620905,-10.36190100921018,-18.24069307835159,-10.76961405341501,-4.213849317404841,15.68705224944009,-0.01826250823496704,8.983948263018757,18.44600732125774,-2.743035857207557,-33.01119340776307,-7.111098839685324,1509.00464470865,33.77425046505476,-3.32174367361141,-16.90515739368112,33.77425046505475,33.7746906426523,-16.90524445597338,3.316821353566754, 2095.734879,-10.78165492, 13.55483334,-10.78165492, 1505.011878, 3.979907608, 13.55483334, 3.979907608, 3150.439301,77.08075536,2480,45.48951612903226,4.22741935483871,35.42701612903226,11.082459475845,11.082459475046,128.1275496162526,37.30370636799928,286.3243594646094,0.1592243184432618,0.7657910034437203,-0.398898913647996,-0.4786349466465934,-0.1694990389103944,0.8799233895384665,-0.394653015382403,0.203110565459223,0.1697566146738575,-0.8804234277020534,0.3935362269990583,-0.2028953369774282,-60.804397775434,-4.1488431414687,0.0075477626211059,0.0075986307151268,-0.0015018120381496,20925591.23245866,52553.54959457759,2756.606083061513,20925657.21793893,-548.4942205230764,2756.606083061513,0.14539692238749,11.082459475046,-3.2706509771527e-09,5.0003028,19.6969697,19.6969697,0.999235053,2.94518338,2810.6431,168.759007,2.94518338,-2.05511942,0,1,-0.523,0,-2.2362476,-0.174,0.348,0,-0.0312931183,-0.0782327958,-0.0443893248,0,0,0.0720972656,-1,73.3728352,0,286.345451,-286.345451,360,30,0.5235,0.0503000614,-2.18594754,0,0,0,-11.0824595,-32.1639318,-3.85610727,-0.539285914,0,0,0,-0,-2.83336359e-16,-1.38438145e-16,-0.023,-4.46040519e-18,-1.55668141e-18,-0.0025,1.16751106e-18,0.0025,-0.005,-0.0025,-2.68099415e-20,-7.48533566e-21,0,0,-825,-1.5,1.29952,29.9547,0,0,0,-0,0,130,130,0.00754895538472218249,-0.00150180338281193202,20925657.6472919248,117.236189630233298
35.03998616,88.13359530512308,-23.08780305625235,1.690904691646647,-100.6090399981679,24.91325714566207,-3.248025884331887,88.13415532510174,-23.09107320499644,1.688365241259352,1.913751737,1250474.556,40.1338235364,1506.23419871,13.11489090455968,-12.84628625851077,-35.68888282891081,-12.04664866013358,-42.53738097852672,3.065212427573222,-10.45816282748222,-13.6309822292477,-2.677985740404222,24.07845121681074,0.4470023333449404,9.133330968175105,13.11489090455968,-12.84628625851077,-35.68888282891081,-13.00517529173663,1505.805359131844,33.50443546245931,-9.197889010820941,-20.08918698544937,33.50443546245931,33.50565851811001,-20.08943001580149,9.192901639735174, 2095.734879,-10.78165492, 13.55483334,-10.78165492, 1505.011878, 3.979907608, 13.55483334, 3.979907608, 3150.439301,77.08075536,2480,45.48951612903226,4.22741935483871,35.42701612903226,9.3273814208806,9.3273814206238,149.0894530818547,41.73907630664958,280.3413551280694,-0.0286992083353665,0.7524300593624715,-0.5039355297059956,-0.4231717654908562,-0.3766489063739716,0.831256097201079,-0.3360287590154473,0.2328810325205981,0.3769461226027369,-0.8316847216584395,0.3349664905320459,-0.232399644223762,-69.822714021283,-18.668142783004,0.0075699650550347,0.0076209827865099,-0.001513935998663,20925588.56455884,52915.33744525776,2764.714659992675,20925655.46166738,-552.9221065781385,2764.714659992675,0.14639965978327,9.3273814206238,0,4.89587968,19.6969697,19.6969697,0.999298435,2.94420433,2819.46146,168.702908,2.94420433,-1.95167534,0,1,-0.523,0,-2.60210184,-0.174,0.348,0,-1.7483779,-4.37094475,-4.48467062,0,0,0.0306796875,-1,185.564867,0,280.362005,-280.362005,360,30,0.5235,0.0733783273,-2.52872351,0,0,0,-9.32738142,-30.0838895,-3.6072607,5.58564094,0,0,0,-0,-6.11075111e-17,-2.98571299e-17,-0.023,-9.61981481e-19,-3.35731537e-19,-0.0025,2.51798653e-19,0.0025,-0.005,-0.0025,-5.78213465e-21,-1.614372e-21,0,0,-825,-1.5,1.29952,29.9508,0,0,0,-0,0,130,130,0.0075712345215870171,-0.00151427622566100133,20925655.7830066569,88.1341553251017444
35.27998607,66.84759624783221,-18.17107685667376,1.396019113461656,-99.1647062949997,3230.116444258785,109.93170469411,66.84796239700901,-18.17499794571085,1.394623656906238,2.090038686,1306830.222,41.9400779077,1503.03174729,10.82388332603242,-22.09580369791561,-33.9645277251596,56.24268865417272,-38.52406302698604,90.07164881751601,93.83614733831615,-1.755833447811087,-17.98216440502136,90.70171794183221,-4.139476233839375,89.25720155024027,10.82388332603242,-22.09580369791561,-33.9645277251596,-15.02168136819652,1502.593707198946,33.0292828975887,-11.19667701372807,-23.29530059962367,33.0292828975887,33.03077610206169,-23.29559923010544,11.19164963315504, 2095.734879,-10.78165492, 13.55483334,-10.78165492, 1505.011878, 3.979907608, 13.55483334, 3.979907608, 3150.439301,77.08075536,2480,45.48951612903226,4.22741935483871,35.42701612903226,6.8617978915572,6.8617978927517,165.6559479925595,46.16366703644967,277.2611877414456,-0.170886009691053,0.7173338125146768,-0.5665128741181755,-0.3678224253269394,-0.5214351120582735,0.7673011185987255,-0.2797258934151764,0.2472000037682071,0.5217526610059717,-0.76766030310628,0.2787386609075758,-0.246529062553309,-72.323856320732,-31.792343503093,0.0075918080981422,0.0076429730467336,-0.001528198141435,20925585.18190337,53276.3425027773,2772.691884145007,20925652.99488296,-558.1308831896749,2772.691884145007,0.14740239717904,6.8617978927517,-3.2706509771459e-09,4.84212061,19.6969697,19.6969697,0.999387481,2.94295156,2828.30782,168.631124,2.94295156,-1.89916905,0,1,-0.523,0,-2.89124172,-0.174,0.348,0,-1.36795824,-3.41989561,-3.50490577,0,0,-0.0352816406,-1,188.7679,0,277.281611,-277.281611,360,30,0.5235,0.0953310513,-2.79591067,0,0,0,-6.86179789,-27.9931486,-3.357257,7.83439263,0,0,0,-0,-1.31791329e-17,-6.43932432e-18,-0.023,-2.07471761e-19,-7.24076446e-20,-0.0025,5.43057334e-20,0.0025,-0.005,-0.0025,-1.24704031e-21,-3.48173653e-22,0,0,-825,-1.5,1.29952,29.9487,0,0,0,-0,0,130,130,0.00759300529090924017,-0.00152882612545310824,20925653.2483229637,66.8479623970090131
35.51998597,48.00106491066267,92.57605787701257,8.50789259123575,-64.15141223017497,-73.76119777231784,10.8027490646521,48.00159871573729,92.57192125998475,8.5076481425459,2.067975087,1299939.621,41.7168297507,1501.80293996,21.5881393202217,-28.35074316356728,-21.69058522058123,28.07902245224329,-20.53358175800338,40.74267437114604,-17.45613385004096,-5.234927195533496,-0.1411981042827125,10.90019455013368,0.8860189031967469,11.14942121167774,21.5881393202217,-28.35074316356728,-21.69058522058123,-14.33111179135473,1501.39151908216,32.09666849778758,-10.48334242145535,-24.49892421035668,32.0966684977876,32.09807044716739,-24.49920667488279,10.47838872714761, 2095.734879,-10.78165492, 13.55483334,-10.78165492, 1505.011878, 3.979907608, 13.55483334, 3.979907608, 3150.439301,77.08075536,2480,45.48951612903226,4.22741935483871,35.42701612903226,4.7491329871118,4.7491329899553,-179.9173690918205,25.18613053568411,278.1128380675814,-0.1434067911346205,0.7370805546224103,-0.6396693147001514,-0.1642251992997125,-0.5537364355801007,0.6372875894124405,-0.3508821461433567,0.4051199918663086,0.5542606335014089,-0.6377414749850386,0.3500565142733306,-0.4044025198355346,-45.135625687175,-42.812366696535,0.0076129746582852,0.0076642822640029,-0.0015438334568964,20925582.14725282,53636.84685346996,2780.422087186874,20925650.88103234,-563.8411802725022,2780.422087186874,0.14840513457482,4.7491329899553,3.2706509771426e-09,4.85698472,19.6969697,19.6969697,0.999463786,2.94151606,2837.01608,168.54887,2.94151606,-1.91546866,0,1,-0.523,0,3.14015047,0.174,0.348,0,-0.686714719,-1.7167868,-2.4024278,0,0,-0.0659613281,-1,-12942.2642,0,278.133324,-278.133324,360,30,0.5235,0.116213127,3.2563636,0,0,0,-4.74913299,-25.8845984,-3.10492251,7.37346622,0,0,0,-0,-2.8423603e-18,-1.38877724e-18,-0.023,-4.47457084e-20,-1.56162522e-20,-0.0025,1.17121892e-20,0.0025,-0.005,-0.0025,-2.68950804e-22,-7.50910644e-23,0,0,-825,-1.5,1.29952,29.9476,0,0,0,-0,0,130,130,0.00761405497222110341,-0.00154458412010345485,20925650.9436238483,48.0015987157372876
35.75998588,680.5078803362788,5.812605628669095,-56.54697200091289,-873.1372910807559,-688.6838688250693,18.04021758033548,680.5082625735225,5.808448066235016,-56.54681428994049,2.166791588,1330643.893,42.7014765216,1501.98601658,29.02783851008798,-26.70531524184534,16.35930397021901,30.04927614938623,221.3833459752439,269.3141995674426,-49.88311191801831,-11.63378263729761,0.1302338523721543,9.23801181490197,-0.00645032525902981,-18.99564535889053,29.02783851008798,-26.70531524184534,16.35930397021901,14.55922285889947,1501.61884537079,29.84738283965347,18.43333693512117,-24.34670253203838,29.84738283965348,29.84491005749718,-24.34620068647484,-18.43800295362551, 2095.734879,-10.78165492, 13.55483334,-10.78165492, 1505.011878, 3.979907608, 13.55483334, 3.979907608, 3150.439301,77.08075536,2480,45.48951612903226,4.22741935483871,35.42701612903226,4.0686465986073,4.0686466013005,-177.1928863092128,6.95887563930404,275.2872522379114,-0.05894433423533291,0.7363835104076402,-0.6733947295704231,-0.02836246195327519,-0.5178642396205564,0.5407175725607518,-0.4344546721386016,0.5006897980817778,0.51851661346113,-0.5412835676798993,0.4337492994562315,-0.5000141659450755,29.404430711205,-38.711228839397,0.007633516556358,0.0076849626057789,-0.0015598432292404,20925580.5389459,53997.21805188589,2787.924339477486,20925650.19938267,-569.6882748854187,2787.924339477486,0.14940787197059,4.0686466013005,0,4.80766894,19.6969697,19.6969697,0.999488365,2.94002621,2845.534,168.463502,2.94002621,-1.86764274,0,1,-0.523,0,3.09259928,0.174,0.348,0,-12.0617821,-30.1544552,-1.32352539,0,0,0.0107378906,-1,-12470.1926,0,275.30753,-275.30753,360,30,0.5235,0.13607677,3.22867605,0,0,0,-4.0686466,-23.7581702,-2.85001379,-21.2880167,0,0,0,-0,-6.13015487e-19,-2.99519367e-19,-0.023,-9.65036562e-21,-3.3679776e-21,-0.0025,2.5259832e-21,0.0025,-0.005,-0.0025,-5.80049676e-23,-1.6194987e-23,0,0,-825,-1.5,1.29959,29.9476,0,0,-0,-0,0,130,130,0.00763451033843801086,-0.00156049946806087383,20925650.1510122307,680.508262573522643
35.99998578,-136.1807955569339,-451.0089321321466,194.3763244162357,2468.760262729413,1854.398673188878,432.879099037824,-136.1824847906884,-451.0057065018285,194.3783733432301,38.66281215,5619118.198,180.463216533,1427.60016209,-75.17648247346902,-14.0357294204888,-163.4578456478135,-499.6457970406399,660.2145698865196,204.0980077925766,-614.9990783380181,-442.6947483133931,-498.3325823552505,805.8781246552198,9.39757164135967,-366.5572563706592,-75.17648247346902,-14.0357294204888,-163.4578456478135,129.3332108950253,1420.437478018771,-60.60127393323603,133.0191303169308,-105.8317962082742,-60.60127393323604,-60.61910994320921,-105.8280907295941,-133.0139513114895, 2095.734879,-10.78165492, 13.55483334,-10.78165492, 1505.011878, 3.979907608, 13.55483334, 3.979907608, 3150.439301,77.08075536,2480,45.48951612903226,4.22741935483871,35.42701612903226,36.744126178324,36.744126181164,30.61346717761947,-63.62884696018315,204.5004109528765,-0.3099039684478895,0.4492938925622069,0.3271048630685637,0.7714252633946115,0.01220509018793078,-0.2278328730985812,0.4504356213348239,0.8631633499760409,0.01107210889264951,-0.2284239095356912,0.45013618448651,0.8631786265733334,-114.6983432039,-4.4607486281005,0.0076311989141525,0.007682629262985,-0.0015960556673577,20925612.30056977,54350.29742655262,2787.082238760514,20925682.87461123,-582.9147458647785,2787.082238760514,0.15041060936637,36.744126181164,6.5413019542797e-09,3.57220549,19.6969697,19.6969697,0.998308698,2.9354159,2847.38273,168.199331,2.9354159,-0.636789596,0,1,-0.523,0,-0.534305798,-0.174,0.348,0,3.17899037,7.94747592,11.6191372,0,0,0.0920390625,-1,-1.17325416,0,204.515475,-204.515475,360,30,0.5235,0.154971651,-0.379334147,0,0,0,-36.7441262,-23.2521696,-2.78171654,-135.795668,0,0,0,-0,-1.32209841e-19,-6.45977284e-20,-0.023,-2.08130658e-21,-7.26375997e-22,-0.0025,5.44781997e-22,0.0025,-0.005,-0.0025,-1.25100079e-23,-3.4927942e-24,0,0,-825,-1.5,1.29966,30.0408,0,0,-0,0,0,130,130,0.00762984382203058236,-0.00159615334748097314,20925683.0301805846,-136.182484790688363
36.23998569,109.5736255324124,-107.4206768824522,248.1147816521948,-5.21322541857927,443.2421803908111,140.1455077350397,109.5771396949688,-107.4186537268501,248.1157885317265,37.27435419,5516807.053,177.218079362,1364.41989235,-31.71527341119764,32.72891128845463,-171.2577223107858,525.9964451284502,-210.9440998770274,-140.179427968031,-459.7789106380058,-52.1001422232333,550.1815957211371,688.146679862711,1.228197006455487,-121.1930335437198,-31.71527341119764,32.72891128845463,-171.2577223107858,-48.74405684758886,1362.55325392806,-52.09884612359654,-45.18812787437453,-163.2482495604525,-52.09884612359654,-52.0928291294327,-163.2495822185504,45.19025018201658, 2095.734879,-10.78165492, 13.55483334,-10.78165492, 1505.011878, 3.979907608, 13.55483334, 3.979907608, 3150.439301,77.08075536,2480,45.48951612903226,4.22741935483871,35.42701612903226,46.339531797916,46.339531797328,-125.8004515213708,-32.38922538697549,5.037048474713257,-0.4479530000531899,0.8484821219971423,0.1644940857000528,0.2288184742635025,-0.2003956531490492,0.4381240349621282,0.433072370604295,0.7617986833846893,-0.2014020659192383,0.4375514208394325,0.4336508991270672,0.7615332295121092,-100.49176178853,10.642567200945,0.0075783334461129,0.0076294074853596,-0.0016898188995006,20925621.03364385,54682.29880171511,2767.77587253601,20925692.47161475,-617.1594301435471,2767.77587253601,0.15141334676215,46.339531797328,-3.270650977148e-09,0.0909130805,19.6969697,19.6969697,0.997962494,2.92220144,2835.7421,167.442142,2.92220144,2.83128836,0,1,0.523,0,2.19563208,0.174,0.348,0,-1.72074331,-4.30185827,-4.07248302,0,0,0.116582812,-1,-5.41170144,0,5.03741951,-5.03741951,0,-5.03741951,-0.0879029705,0.143144125,2.3387762,0,0,0,-46.3395318,-25.3564457,-3.03102342,42.1592268,0,0,0,-0,-2.85138689e-20,-1.39318763e-20,-0.023,-4.48878061e-22,-1.56658443e-22,-0.0025,1.17493833e-22,0.0025,-0.005,-0.0025,-2.69804925e-24,-7.5329535e-25,0,0,-825,-1.5,1.29949,30.1198,0,0,-0,0,0,130,130,0.00757825211142405114,-0.00168983053105972616,20925692.1670052372,109.577139694968821
36.47998559,101.515622516437,-39.57132226369898,258.8005254625506,4.645220223853217,327.6809776617723,-73.18526846144285,101.5191749449622,-39.57350585321666,258.8002637530813,37.7839476,5555180.073,178.385424,1380.07286064,44.71112469864322,-65.08400711080333,-159.9573281912145,87.45547759657525,-493.5175521688415,224.2457213809942,270.5104931846322,131.0419092091402,413.7509813570745,508.8040040816643,18.80333393076517,144.1711003198665,44.71112469864322,-65.08400711080333,-159.9573281912145,-56.49791621752316,1376.472606583941,82.05028610853408,-52.88388081995853,-149.3064137752184,82.05028610853407,82.05733813399139,-149.3080703385915,52.8682597180825, 2095.734879,-10.78165492, 13.55483334,-10.78165492, 1505.011878, 3.979907608, 13.55483334, 3.979907608, 3150.439301,77.08075536,2480,45.48951612903226,4.22741935483871,35.42701612903226,31.036638457328,31.036638461892,-99.20497384993308,31.74627656243856,358.7524892716004,-0.625605696447175,0.7305545432206496,-0.185221194141899,-0.2014961071414576,-0.5733145647559795,0.6590392639446537,0.3114267793916935,0.3741537377812335,-0.5738117123508271,0.6586244581881185,0.3123030794267017,0.3733908520920378,-74.383308356108,-21.398381120613,0.0075906582255736,0.0076418153651066,-0.0017948434514148,20925604.87087045,55010.12213379146,2772.275128641963,20925677.16695526,-655.5162519996593,2772.275128641963,0.15241608415792,31.036638461892,3.2706509771461e-09,6.26441214,19.6969697,19.6969697,0.998514671,2.90940299,2848.71669,166.708791,2.90940299,2.92817616,0,1,0.523,0,1.73145343,0.174,0.348,0,-1.59385345,-3.98463362,-3.99061806,0,0,0.0383496094,-1,-14.7146801,0,358.778915,-358.778915,360,1.22108452,0.0213079249,0.135666729,1.86712016,0,0,0,-31.0366385,-26.6210715,-3.18626629,49.6819934,0,0,0,-0,-6.14962297e-21,-3.00470578e-21,-0.023,-9.68101273e-23,-3.37867344e-23,-0.0025,2.53400508e-23,0.0025,-0.005,-0.0025,-5.81891808e-25,-1.62464193e-25,0,0,-825,-1.5,1.29947,30.1834,0,0,0,-0,0,130,130,0.00759176691586384116,-0.00179540556070155563,20925677.1569995582,101.519174944962217
36.7199855,81.54792541894017,24.94646440382888,242.7985848449276,-112.9924561392316,186.4215733544173,-46.24578608992976,81.54778618673868,24.94240431707266,242.7995608640773,36.56996375,5465337.261,175.489791011,1422.85471854,25.53369010294585,-155.1802428079334,-77.8703387756878,-185.3488865130157,-193.8046555368147,382.1844885853036,426.483455737953,182.6434453140616,-4.036191822954887,470.3547394370521,23.67623047144054,148.3276489345541,25.53369010294585,-155.1802428079334,-77.8703387756878,33.76843566669927,1416.338781889711,131.7562057315073,37.51070327104099,-109.6809743783828,131.7562057315073,131.7511511527763,-109.6797431017025,-37.53205126695919, 2095.734879,-10.78165492, 13.55483334,-10.78165492, 1505.011878, 3.979907608, 13.55483334, 3.979907608, 3150.439301,77.08075536,2480,45.48951612903226,4.22741935483871,35.42701612903226,28.502100110054,28.502100108996,39.58007895419108,85.64261330704878,116.1280090422241,0.5603744372527444,-0.4114013678015935,0.5490625455525262,0.4639609096853184,0.7844904824747128,-0.6189772362362229,-0.008041394526567542,0.03711064405298908,-0.784440094491786,0.6189659154156982,0.008870093470278336,-0.03816091127257244,-71.84567872951,-62.161740511686,0.0076663896469081,0.0077180571836297,-0.0018806251512872,20925601.44957756,55345.00661733367,2799.933568013906,20925674.62770467,-686.8455296547691,2799.933568013906,0.1534188215537,28.502100108996,0,2.02981611,19.6969697,19.6969697,0.998606149,2.90103503,2882.94329,166.229307,2.90103503,0.87121892,0,1,0.523,0,-0.690802696,-0.174,0.348,0,-1.63791113,-4.09477782,-3.60321374,0,0,-0.0322136719,-1,2515.73871,0,116.136563,-116.136563,0,-30,-0.5235,0.12343672,-0.567365976,0,0,0,-28.5021001,-26.7453993,-3.20182492,-40.7338762,0,0,0,-0,-1.32629707e-21,-6.4802875e-22,-0.023,-2.08791634e-23,-7.28682802e-24,-0.0025,5.46512102e-24,0.0025,-0.005,-0.0025,-1.25497367e-25,-3.50388648e-26,0,0,-825,-1.5,1.29956,30.2348,0,0,0,-0,0,130,130,0.00766714111816569135,-0.00188148350342097221,20925675.0984441377,81.5477861867386764
36.95998541,68.20135430631977,82.29100850149675,244.3437834461386,5.087513408748806,335.0031774754118,60.71223839332211,68.1977799440635,82.28942333465891,244.3452556838951,33.04622014,5194339.958,166.872487778,1449.02762231,-6.934460255484645,-165.0357931060517,-23.69657004618797,-63.08670113646765,51.37939948164843,-15.32851057374343,197.1294261776347,-37.16856491993445,-609.1173937916593,621.907864977474,22.80866711379126,-194.1533256802487,-6.934460255484645,-165.0357931060517,-23.69657004618797,127.129687200575,1442.184240829282,60.1972454796883,130.9644474264474,-84.0894305134465,60.19724547968832,60.17943786917655,-84.08499348042504,-130.9754797902229, 2095.734879,-10.78165492, 13.55483334,-10.78165492, 1505.011878, 3.979907608, 13.55483334, 3.979907608, 3150.439301,77.08075536,2480,45.48951612903226,4.22741935483871,35.42701612903226,49.625015765429,49.625015765611,105.6955868988523,28.28879216725758,166.3143237361312,0.2631560429866054,-0.05444539559015398,0.7849486474164843,0.5582474512773842,0.7411530494270377,-0.4332572348158892,0.3689200438288338,0.3561998414738892,-0.7406723680048548,0.4337539914011606,-0.3683358592406408,-0.3571982824918141,-106.31135530907,-81.491306289962,0.007738107333864,0.007790258158027,-0.0019411413225727,20925621.65590288,55689.18145613662,2826.129292148098,20925695.74633817,-708.9480774594704,2826.129292148098,0.15442155894947,49.625015765611,3.2706509771232e-09,2.90573254,19.6969697,19.6969697,0.997843976,2.89580964,2913.6873,165.929892,2.89580964,-0.00992290677,0,1,-0.00992290677,0,-1.844736,-0.174,0.348,0,-1.36131945,-3.40329862,-3.40662955,0,0,-0.0506214844,-1,144.979336,0,166.326575,-166.326575,0,-30,-0.5235,0.0918851997,-1.7528508,0,0,0,-49.6250158,-27.7504117,-3.31627826,-134.291758,0,0,0,-0,-2.86044195e-22,-1.39761194e-22,-0.023,-4.50303617e-24,-1.57155962e-24,-0.0025,1.17866972e-24,0.0025,-0.005,-0.0025,-2.70661813e-26,-7.55687781e-27,0,0,-825,-1.5,1.29965,30.2647,0,-0,-0,0,0,130,130,0.00773766205462185844,-0.0019419962092174553,20925696.3009468131,68.1977799440634982
37.19998531,52.7831871962395,128.2731041363954,257.6226831974719,-116.5110234124828,-17.79872891840654,42.39819455048638,52.77997124141805,128.2757353367226,257.6222464791657,29.0119495,4865612.59,156.423489055,1429.75003486,-15.26014205126723,-149.0510353188528,-44.93578599771359,-7.62738016946949,68.7906175498387,-103.3069390160886,-456.428303517874,-62.00503633559364,-384.7912860762564,542.4369901671274,19.96042638823251,-192.9496886384063,-15.26014205126723,-149.0510353188528,-44.93578599771359,86.95677799019691,1425.001479223848,-77.42393143441362,90.76868947769485,-101.1676221921822,-77.42393143441365,-77.43625828368633,-101.1644506392242,-90.76170865604767, 2095.734879,-10.78165492, 13.55483334,-10.78165492, 1505.011878, 3.979907608, 13.55483334, 3.979907608, 3150.439301,77.08075536,2480,45.48951612903226,4.22741935483871,35.42701612903226,79.461528018117,79.461528021565,121.9718588049601,-37.45891752518034,165.8305040385129,-0.2220043627670187,0.2566991398557082,0.8026595910211922,0.4904663040938103,0.4106436776765551,-0.1653215645085237,0.724521836488364,0.5283073525366234,-0.4099267395588196,0.1663041049118305,-0.7242969390584862,-0.5288638359300607,-108.75742907428,-72.339078975305,0.0077291155524741,0.0077812057019301,-0.0020019354892429,20925650.57439558,56033.27878791525,2822.849318065927,20925725.58253237,-731.1525046851239,2822.849318065927,0.15542429634525,79.461528021565,3.2706509771246e-09,2.8972883,19.6969697,19.6969697,0.996768197,2.88815003,2915.98994,165.490997,2.88815003,-0.0091382647,0,1,-0.0091382647,0,-2.12881053,-0.174,0.348,0,-1.13587811,-2.83969527,-2.95401065,0,0,0.036815625,-1,157.35821,0,165.842719,-165.842719,0,-30,-0.5235,0.061872467,-2.06693806,0,0,0,-79.461528,-31.3554473,-3.73773816,-94.4994468,0,0,0,-0,-6.16915229e-23,-3.01424781e-23,-0.023,-9.71175634e-25,-3.38940296e-25,-0.0025,2.54205222e-25,0.0025,-0.005,-0.0025,-5.83739814e-27,-1.62980156e-27,0,0,-825,-1.5,1.29962,30.269,0,-0,-0,0,0,130,130,0.0077280739131956825,-0.00200281274548978674,20925725.7688429654,52.7799712414180462
37.43998522,33.60006485153007,102.0972562016918,264.5727417782447,-19.30991636866193,-142.992308711299,16.53019984722684,33.60135037339499,102.1008744209665,264.5710948944391,27.14469605,4706137.643,151.320733123,1419.82970289,-12.90255594546061,-136.80593114043,-63.36896344353148,4.77481411636343,29.87870456454329,-50.29364132373134,-491.426837365445,-16.47330248316333,209.9425688853233,493.4400079389555,18.49392263095887,-106.8264084456304,-12.90255594546061,-136.80593114043,-63.36896344353148,-40.11188513324637,1415.912374725675,-97.46573233644385,-36.301243305557,-109.9118511700393,-97.46573233644386,-97.46084373777748,-109.9131638038472,36.31039291418665, 2095.734879,-10.78165492, 13.55483334,-10.78165492, 1505.011878, 3.979907608, 13.55483334, 3.979907608, 3150.439301,77.08075536,2480,45.48951612903226,4.22741935483871,35.42701612903226,86.135801225901,86.13580123028,-93.67066631518681,-69.85185123548078,26.66716529288339,0.6420715973266379,-0.4915777782307302,-0.5190157348098877,-0.2769801777671307,-0.08694853050116634,0.1517216726607027,0.8210158396767436,0.5434643300977701,0.08769032338804165,-0.1506007765609152,-0.8212221873855572,-0.5433451317800049,-101.50867729531,-64.699554277461,0.0076636818450099,0.0077153309893238,-0.0020718985869519,20925656.33688242,56373.96599858988,2798.952328285041,20925732.25912889,-756.7048652793455,2798.952328285041,0.15642703374103,86.13580123028,-3.2706509771348e-09,0.468429837,19.6969697,19.6969697,0.99652768,2.87755192,2899.42525,164.883725,2.87755192,2.40912209,0,1,0.523,0,1.63486154,0.174,0.348,0,-0.422576918,-1.0564423,-1.14781223,0,0,0.130388672,-1,262.125007,0,26.6691296,-26.6691296,0,-26.6691296,-0.465376312,0.0334443139,1.66830585,0,0,0,-86.1358012,-36.5012515,-4.34870953,31.9616834,0,0,0,-0,-1.33050937e-23,-6.50086878e-24,-0.023,-2.09454699e-25,-7.309969e-26,-0.0025,5.48247675e-26,0.0025,-0.005,-0.0025,-1.25895922e-27,-3.51501414e-28,0,0,-825,-1.5,1.2995,30.2591,0,-0,-0,0,0,130,130,0.00766332588790978163,-0.00207279127313217794,20925732.1071997657,33.6013503733949861
37.67998512,38.30316721633588,78.24413812326677,267.8212232353832,46.34649442998389,-36.44243902928072,13.32198497715117,38.30726387624055,78.24414175596749,267.8204024626477,27.4352892,4732104.953,152.085808151,1418.89722529,-14.32015899885853,-133.3395128998104,-71.73284036578328,-22.68906260055871,6.959010576136503,-26.20069839818799,-13.4462871887653,0.670778671797729,511.6403922278408,500.6501821131923,18.49559531985533,-105.5453416728021,-14.32015899885853,-133.3395128998104,-71.73284036578328,-107.9558503523649,1414.78438853269,-0.06530380188062601,-104.125207305175,-110.8513869111345,-0.06530380188062246,-0.0513491184875452,-110.855284356129,104.1210657582992, 2095.734879,-10.78165492, 13.55483334,-10.78165492, 1505.011878, 3.979907608, 13.55483334, 3.979907608, 3150.439301,77.08075536,2480,45.48951612903226,4.22741935483871,35.42701612903226,66.941417813301,66.941417815702,-72.29122911518625,-3.527850543932214,10.77043757352497,0.8052793419952718,-0.584624902249996,-0.08007800262956598,0.05767511178753049,-0.5127458571556567,0.4541614424963172,0.626068044287812,0.3726498008063465,0.5132573320493158,-0.4533009006526739,-0.626691395661514,-0.3719450217020212,-101.28964840056,-61.251422198207,0.0076275828375607,0.0076789887412182,-0.0021446449354323,20925636.2265556,56713.56679410328,2785.765587860047,20925713.06553921,-783.2727811484147,2785.765587860047,0.1574297711368,66.941417815702,-3.2706509771404e-09,0.190979598,19.6969697,19.6969697,0.997219505,2.86749964,2893.77821,164.307729,2.86749964,2.67652004,0,1,0.523,0,1.26171997,0.174,0.348,0,-0.478804237,-1.19701059,-1.15452075,0,0,0.207087891,-1,-36.7802062,0,10.7712309,-10.7712309,0,-10.7712309,-0.18795798,0.0200448414,1.28176481,0,0,0,-66.9414178,-40.4266719,-4.82413844,99.2969273,0,0,0,-0,-2.8695269e-24,-1.40205084e-24,-0.023,-4.51733679e-26,-1.57655054e-26,-0.0025,1.1824129e-26,0.0025,-0.005,-0.0025,-2.71521359e-28,-7.58087635e-29,0,0,-825,-1.5,1.29943,30.2517,0,-0,-0,0,0,130,130,0.00762836629817994268,-0.00214547448576268406,20925712.9936021492,38.3072638762405404
37.91998503,47.69677414908222,78.98152685368383,271.4464257142532,19.3566100119496,25.99435662806927,16.12791277964389,47.69850691101966,78.97778032979868,271.4470717779502,27.80096819,4764414.555,153.051602924,1417.51395445,-19.31291088242985,-129.2492441535591,-79.66453110841906,-17.04167903397184,32.07120916829319,-39.34742693993476,467.7180881168418,-13.85925936575619,176.5555317161039,513.9787077806383,18.49013609444368,-129.4746221034222,-19.31291088242985,-129.2492441535591,-79.66453110841906,-45.01300080911936,1413.572015214283,95.5709088338122,-41.16313163937978,-112.2345362892436,95.57090883381217,95.57645019932832,-112.2361294884727,41.14591793222485, 2095.734879,-10.78165492, 13.55483334,-10.78165492, 1505.011878, 3.979907608, 13.55483334, 3.979907608, 3150.439301,77.08075536,2480,45.48951612903226,4.22741935483871,35.42701612903226,47.119928289205,47.119928289589,-51.73817714651628,62.60136331689448,25.71393124424561,0.6991149378898046,-0.467485020348888,0.3727915788877538,0.3920746077969219,0.757935796678299,-0.6078013169582634,-0.2307847275766273,-0.05337880417183093,0.7580088729477248,-0.6074816567643112,-0.2316248433862505,-0.05233084323515639,-103.62719679977,-57.616423239845,0.0076635087941146,0.0077151568691039,-0.0022177226384306,20925615.48040979,57053.04421462229,2798.883907622613,20925693.24127118,-809.961641914655,2798.883907622613,0.15843250853258,47.119928289589,3.2706509771348e-09,0.451792764,19.6969697,19.6969697,0.997934341,2.85990043,2913.71766,163.872294,2.85990043,2.40810766,0,1,0.523,0,0.90300154,0.174,0.348,0,-0.650286286,-1.62571572,-1.59441657,0,0,0.104310938,-1,107.217997,0,25.7158254,-25.7158254,0,-25.7158254,-0.448741153,0.00638568806,0.909387228,0,0,0,-47.1199283,-41.868543,-5.00449673,36.1414212,0,0,0,-0,-6.18874495e-25,-3.02382078e-25,-0.023,-9.74259858e-27,-3.4001669e-27,-0.0025,2.55012518e-27,0.0025,-0.005,-0.0025,-5.85593685e-29,-1.63497757e-29,0,0,-825,-1.5,1.29948,30.2527,0,-0,-0,0,0,130,130,0.00766453869131792937,-0.00221850070899382631,20925693.6035939455,47.6985069110196491
